[Device] cuda
[GPU] NVIDIA GeForce RTX 4050 Laptop GPU, 6.4 GB VRAM
[Model] Loading T5-Large...

Loading weights:   0%|          | 0/509 [00:00<?, ?it/s]
Loading weights:   0%|          | 1/509 [00:00<?, ?it/s, Materializing param=decoder.block.0.layer.0.SelfAttention.k.weight]
Loading weights:   0%|          | 1/509 [00:00<?, ?it/s, Materializing param=decoder.block.0.layer.0.SelfAttention.k.weight]
Loading weights:   0%|          | 2/509 [00:00<?, ?it/s, Materializing param=decoder.block.0.layer.0.SelfAttention.o.weight]
Loading weights:   0%|          | 2/509 [00:00<?, ?it/s, Materializing param=decoder.block.0.layer.0.SelfAttention.o.weight]
Loading weights:   1%|          | 3/509 [00:00<00:01, 500.00it/s, Materializing param=decoder.block.0.layer.0.SelfAttention.q.weight]
Loading weights:   1%|          | 3/509 [00:00<00:01, 428.59it/s, Materializing param=decoder.block.0.layer.0.SelfAttention.q.weight]
Loading weights:   1%|          | 4/509 [00:00<00:00, 571.45it/s, Materializing param=decoder.block.0.layer.0.SelfAttention.relative_attention_bias.weight]
Loading weights:   1%|          | 4/509 [00:00<00:00, 571.45it/s, Materializing param=decoder.block.0.layer.0.SelfAttention.relative_attention_bias.weight]
Loading weights:   1%|          | 5/509 [00:00<00:00, 714.31it/s, Materializing param=decoder.block.0.layer.0.SelfAttention.v.weight]                      
Loading weights:   1%|          | 5/509 [00:00<00:00, 714.31it/s, Materializing param=decoder.block.0.layer.0.SelfAttention.v.weight]
Loading weights:   1%|1         | 6/509 [00:00<00:00, 857.18it/s, Materializing param=decoder.block.0.layer.0.layer_norm.weight]     
Loading weights:   1%|1         | 6/509 [00:00<00:00, 857.18it/s, Materializing param=decoder.block.0.layer.0.layer_norm.weight]
Loading weights:   1%|1         | 7/509 [00:00<00:00, 1000.04it/s, Materializing param=decoder.block.0.layer.1.EncDecAttention.k.weight]
Loading weights:   1%|1         | 7/509 [00:00<00:00, 1000.04it/s, Materializing param=decoder.block.0.layer.1.EncDecAttention.k.weight]
Loading weights:   2%|1         | 8/509 [00:00<00:00, 1142.90it/s, Materializing param=decoder.block.0.layer.1.EncDecAttention.o.weight]
Loading weights:   2%|1         | 8/509 [00:00<00:00, 888.95it/s, Materializing param=decoder.block.0.layer.1.EncDecAttention.o.weight] 
Loading weights:   2%|1         | 9/509 [00:00<00:00, 562.53it/s, Materializing param=decoder.block.0.layer.1.EncDecAttention.q.weight]
Loading weights:   2%|1         | 9/509 [00:00<00:00, 529.44it/s, Materializing param=decoder.block.0.layer.1.EncDecAttention.q.weight]
Loading weights:   2%|1         | 10/509 [00:00<00:00, 526.33it/s, Materializing param=decoder.block.0.layer.1.EncDecAttention.v.weight]
Loading weights:   2%|1         | 10/509 [00:00<00:00, 500.00it/s, Materializing param=decoder.block.0.layer.1.EncDecAttention.v.weight]
Loading weights:   2%|2         | 11/509 [00:00<00:01, 407.42it/s, Materializing param=decoder.block.0.layer.1.layer_norm.weight]       
Loading weights:   2%|2         | 11/509 [00:00<00:01, 366.67it/s, Materializing param=decoder.block.0.layer.1.layer_norm.weight]
Loading weights:   2%|2         | 12/509 [00:00<00:01, 400.00it/s, Materializing param=decoder.block.0.layer.2.DenseReluDense.wi.weight]
Loading weights:   2%|2         | 12/509 [00:00<00:01, 375.00it/s, Materializing param=decoder.block.0.layer.2.DenseReluDense.wi.weight]
Loading weights:   3%|2         | 13/509 [00:00<00:01, 406.26it/s, Materializing param=decoder.block.0.layer.2.DenseReluDense.wo.weight]
Loading weights:   3%|2         | 13/509 [00:00<00:01, 406.26it/s, Materializing param=decoder.block.0.layer.2.DenseReluDense.wo.weight]
Loading weights:   3%|2         | 14/509 [00:00<00:01, 437.51it/s, Materializing param=decoder.block.0.layer.2.layer_norm.weight]       
Loading weights:   3%|2         | 14/509 [00:00<00:01, 437.51it/s, Materializing param=decoder.block.0.layer.2.layer_norm.weight]
Loading weights:   3%|2         | 15/509 [00:00<00:01, 468.76it/s, Materializing param=decoder.block.1.layer.0.SelfAttention.k.weight]
Loading weights:   3%|2         | 15/509 [00:00<00:01, 468.76it/s, Materializing param=decoder.block.1.layer.0.SelfAttention.k.weight]
Loading weights:   3%|3         | 16/509 [00:00<00:01, 484.86it/s, Materializing param=decoder.block.1.layer.0.SelfAttention.o.weight]
Loading weights:   3%|3         | 16/509 [00:00<00:01, 484.86it/s, Materializing param=decoder.block.1.layer.0.SelfAttention.o.weight]
Loading weights:   3%|3         | 17/509 [00:00<00:01, 485.73it/s, Materializing param=decoder.block.1.layer.0.SelfAttention.q.weight]
Loading weights:   3%|3         | 17/509 [00:00<00:01, 485.73it/s, Materializing param=decoder.block.1.layer.0.SelfAttention.q.weight]
Loading weights:   4%|3         | 18/509 [00:00<00:00, 514.30it/s, Materializing param=decoder.block.1.layer.0.SelfAttention.v.weight]
Loading weights:   4%|3         | 18/509 [00:00<00:00, 514.30it/s, Materializing param=decoder.block.1.layer.0.SelfAttention.v.weight]
Loading weights:   4%|3         | 19/509 [00:00<00:00, 542.87it/s, Materializing param=decoder.block.1.layer.0.layer_norm.weight]     
Loading weights:   4%|3         | 19/509 [00:00<00:00, 527.78it/s, Materializing param=decoder.block.1.layer.0.layer_norm.weight]
Loading weights:   4%|3         | 20/509 [00:00<00:01, 444.45it/s, Materializing param=decoder.block.1.layer.1.EncDecAttention.k.weight]
Loading weights:   4%|3         | 20/509 [00:00<00:01, 434.79it/s, Materializing param=decoder.block.1.layer.1.EncDecAttention.k.weight]
Loading weights:   4%|4         | 21/509 [00:00<00:01, 420.01it/s, Materializing param=decoder.block.1.layer.1.EncDecAttention.o.weight]
Loading weights:   4%|4         | 21/509 [00:00<00:01, 420.01it/s, Materializing param=decoder.block.1.layer.1.EncDecAttention.o.weight]
Loading weights:   4%|4         | 22/509 [00:00<00:01, 431.38it/s, Materializing param=decoder.block.1.layer.1.EncDecAttention.q.weight]
Loading weights:   4%|4         | 22/509 [00:00<00:01, 392.85it/s, Materializing param=decoder.block.1.layer.1.EncDecAttention.q.weight]
Loading weights:   5%|4         | 23/509 [00:00<00:01, 377.05it/s, Materializing param=decoder.block.1.layer.1.EncDecAttention.v.weight]
Loading weights:   5%|4         | 23/509 [00:00<00:01, 377.05it/s, Materializing param=decoder.block.1.layer.1.EncDecAttention.v.weight]
Loading weights:   5%|4         | 24/509 [00:00<00:01, 393.44it/s, Materializing param=decoder.block.1.layer.1.layer_norm.weight]       
Loading weights:   5%|4         | 24/509 [00:00<00:01, 393.44it/s, Materializing param=decoder.block.1.layer.1.layer_norm.weight]
Loading weights:   5%|4         | 25/509 [00:00<00:01, 409.84it/s, Materializing param=decoder.block.1.layer.2.DenseReluDense.wi.weight]
Loading weights:   5%|4         | 25/509 [00:00<00:01, 384.62it/s, Materializing param=decoder.block.1.layer.2.DenseReluDense.wi.weight]
Loading weights:   5%|5         | 26/509 [00:00<00:01, 387.92it/s, Materializing param=decoder.block.1.layer.2.DenseReluDense.wo.weight]
Loading weights:   5%|5         | 26/509 [00:00<00:01, 387.92it/s, Materializing param=decoder.block.1.layer.2.DenseReluDense.wo.weight]
Loading weights:   5%|5         | 27/509 [00:00<00:01, 402.84it/s, Materializing param=decoder.block.1.layer.2.layer_norm.weight]       
Loading weights:   5%|5         | 27/509 [00:00<00:01, 402.84it/s, Materializing param=decoder.block.1.layer.2.layer_norm.weight]
Loading weights:   6%|5         | 28/509 [00:00<00:01, 417.76it/s, Materializing param=decoder.block.2.layer.0.SelfAttention.k.weight]
Loading weights:   6%|5         | 28/509 [00:00<00:01, 405.66it/s, Materializing param=decoder.block.2.layer.0.SelfAttention.k.weight]
Loading weights:   6%|5         | 29/509 [00:00<00:01, 420.15it/s, Materializing param=decoder.block.2.layer.0.SelfAttention.o.weight]
Loading weights:   6%|5         | 29/509 [00:00<00:01, 420.15it/s, Materializing param=decoder.block.2.layer.0.SelfAttention.o.weight]
Loading weights:   6%|5         | 30/509 [00:00<00:01, 434.64it/s, Materializing param=decoder.block.2.layer.0.SelfAttention.q.weight]
Loading weights:   6%|5         | 30/509 [00:00<00:01, 434.64it/s, Materializing param=decoder.block.2.layer.0.SelfAttention.q.weight]
Loading weights:   6%|6         | 31/509 [00:00<00:01, 430.42it/s, Materializing param=decoder.block.2.layer.0.SelfAttention.v.weight]
Loading weights:   6%|6         | 31/509 [00:00<00:01, 430.42it/s, Materializing param=decoder.block.2.layer.0.SelfAttention.v.weight]
Loading weights:   6%|6         | 32/509 [00:00<00:01, 438.21it/s, Materializing param=decoder.block.2.layer.0.layer_norm.weight]     
Loading weights:   6%|6         | 32/509 [00:00<00:01, 432.30it/s, Materializing param=decoder.block.2.layer.0.layer_norm.weight]
Loading weights:   6%|6         | 33/509 [00:00<00:01, 445.81it/s, Materializing param=decoder.block.2.layer.1.EncDecAttention.k.weight]
Loading weights:   6%|6         | 33/509 [00:00<00:01, 445.81it/s, Materializing param=decoder.block.2.layer.1.EncDecAttention.k.weight]
Loading weights:   7%|6         | 34/509 [00:00<00:01, 459.32it/s, Materializing param=decoder.block.2.layer.1.EncDecAttention.o.weight]
Loading weights:   7%|6         | 34/509 [00:00<00:01, 459.32it/s, Materializing param=decoder.block.2.layer.1.EncDecAttention.o.weight]
Loading weights:   7%|6         | 35/509 [00:00<00:01, 472.83it/s, Materializing param=decoder.block.2.layer.1.EncDecAttention.q.weight]
Loading weights:   7%|6         | 35/509 [00:00<00:01, 472.83it/s, Materializing param=decoder.block.2.layer.1.EncDecAttention.q.weight]
Loading weights:   7%|7         | 36/509 [00:00<00:00, 473.53it/s, Materializing param=decoder.block.2.layer.1.EncDecAttention.v.weight]
Loading weights:   7%|7         | 36/509 [00:00<00:01, 467.39it/s, Materializing param=decoder.block.2.layer.1.EncDecAttention.v.weight]
Loading weights:   7%|7         | 37/509 [00:00<00:00, 474.22it/s, Materializing param=decoder.block.2.layer.1.layer_norm.weight]       
Loading weights:   7%|7         | 37/509 [00:00<00:00, 474.22it/s, Materializing param=decoder.block.2.layer.1.layer_norm.weight]
Loading weights:   7%|7         | 38/509 [00:00<00:00, 480.87it/s, Materializing param=decoder.block.2.layer.2.DenseReluDense.wi.weight]
Loading weights:   7%|7         | 38/509 [00:00<00:01, 454.63it/s, Materializing param=decoder.block.2.layer.2.DenseReluDense.wi.weight]
Loading weights:   8%|7         | 39/509 [00:00<00:01, 461.08it/s, Materializing param=decoder.block.2.layer.2.DenseReluDense.wo.weight]
Loading weights:   8%|7         | 39/509 [00:00<00:01, 455.69it/s, Materializing param=decoder.block.2.layer.2.DenseReluDense.wo.weight]
Loading weights:   8%|7         | 40/509 [00:00<00:01, 467.38it/s, Materializing param=decoder.block.2.layer.2.layer_norm.weight]       
Loading weights:   8%|7         | 40/509 [00:00<00:01, 467.38it/s, Materializing param=decoder.block.2.layer.2.layer_norm.weight]
Loading weights:   8%|8         | 41/509 [00:00<00:00, 479.06it/s, Materializing param=decoder.block.3.layer.0.SelfAttention.k.weight]
Loading weights:   8%|8         | 41/509 [00:00<00:00, 479.06it/s, Materializing param=decoder.block.3.layer.0.SelfAttention.k.weight]
Loading weights:   8%|8         | 42/509 [00:00<00:00, 490.75it/s, Materializing param=decoder.block.3.layer.0.SelfAttention.o.weight]
Loading weights:   8%|8         | 42/509 [00:00<00:00, 485.08it/s, Materializing param=decoder.block.3.layer.0.SelfAttention.o.weight]
Loading weights:   8%|8         | 43/509 [00:00<00:00, 496.63it/s, Materializing param=decoder.block.3.layer.0.SelfAttention.q.weight]
Loading weights:   8%|8         | 43/509 [00:00<00:00, 491.03it/s, Materializing param=decoder.block.3.layer.0.SelfAttention.q.weight]
Loading weights:   9%|8         | 44/509 [00:00<00:00, 485.82it/s, Materializing param=decoder.block.3.layer.0.SelfAttention.v.weight]
Loading weights:   9%|8         | 44/509 [00:00<00:00, 485.82it/s, Materializing param=decoder.block.3.layer.0.SelfAttention.v.weight]
Loading weights:   9%|8         | 45/509 [00:00<00:00, 496.86it/s, Materializing param=decoder.block.3.layer.0.layer_norm.weight]     
Loading weights:   9%|8         | 45/509 [00:00<00:00, 496.86it/s, Materializing param=decoder.block.3.layer.0.layer_norm.weight]
Loading weights:   9%|9         | 46/509 [00:00<00:00, 491.62it/s, Materializing param=decoder.block.3.layer.1.EncDecAttention.k.weight]
Loading weights:   9%|9         | 46/509 [00:00<00:00, 491.62it/s, Materializing param=decoder.block.3.layer.1.EncDecAttention.k.weight]
Loading weights:   9%|9         | 47/509 [00:00<00:00, 491.80it/s, Materializing param=decoder.block.3.layer.1.EncDecAttention.o.weight]
Loading weights:   9%|9         | 47/509 [00:00<00:00, 476.82it/s, Materializing param=decoder.block.3.layer.1.EncDecAttention.o.weight]
Loading weights:   9%|9         | 48/509 [00:00<00:00, 482.08it/s, Materializing param=decoder.block.3.layer.1.EncDecAttention.q.weight]
Loading weights:   9%|9         | 48/509 [00:00<00:00, 482.08it/s, Materializing param=decoder.block.3.layer.1.EncDecAttention.q.weight]
Loading weights:  10%|9         | 49/509 [00:00<00:00, 492.12it/s, Materializing param=decoder.block.3.layer.1.EncDecAttention.v.weight]
Loading weights:  10%|9         | 49/509 [00:00<00:00, 492.12it/s, Materializing param=decoder.block.3.layer.1.EncDecAttention.v.weight]
Loading weights:  10%|9         | 50/509 [00:00<00:00, 502.17it/s, Materializing param=decoder.block.3.layer.1.layer_norm.weight]       
Loading weights:  10%|9         | 50/509 [00:00<00:00, 502.17it/s, Materializing param=decoder.block.3.layer.1.layer_norm.weight]
Loading weights:  10%|#         | 51/509 [00:00<00:00, 507.11it/s, Materializing param=decoder.block.3.layer.1.layer_norm.weight]
Loading weights:  10%|#         | 51/509 [00:00<00:00, 507.11it/s, Materializing param=decoder.block.3.layer.2.DenseReluDense.wi.weight]
Loading weights:  10%|#         | 51/509 [00:00<00:00, 507.11it/s, Materializing param=decoder.block.3.layer.2.DenseReluDense.wi.weight]
Loading weights:  10%|#         | 52/509 [00:00<00:00, 507.11it/s, Materializing param=decoder.block.3.layer.2.DenseReluDense.wo.weight]
Loading weights:  10%|#         | 52/509 [00:00<00:00, 507.11it/s, Materializing param=decoder.block.3.layer.2.DenseReluDense.wo.weight]
Loading weights:  10%|#         | 53/509 [00:00<00:00, 507.11it/s, Materializing param=decoder.block.3.layer.2.layer_norm.weight]       
Loading weights:  10%|#         | 53/509 [00:00<00:00, 507.11it/s, Materializing param=decoder.block.3.layer.2.layer_norm.weight]
Loading weights:  11%|#         | 54/509 [00:00<00:00, 507.11it/s, Materializing param=decoder.block.4.layer.0.SelfAttention.k.weight]
Loading weights:  11%|#         | 54/509 [00:00<00:00, 507.11it/s, Materializing param=decoder.block.4.layer.0.SelfAttention.k.weight]
Loading weights:  11%|#         | 55/509 [00:00<00:00, 507.11it/s, Materializing param=decoder.block.4.layer.0.SelfAttention.o.weight]
Loading weights:  11%|#         | 55/509 [00:00<00:00, 507.11it/s, Materializing param=decoder.block.4.layer.0.SelfAttention.o.weight]
Loading weights:  11%|#1        | 56/509 [00:00<00:00, 507.11it/s, Materializing param=decoder.block.4.layer.0.SelfAttention.q.weight]
Loading weights:  11%|#1        | 56/509 [00:00<00:00, 507.11it/s, Materializing param=decoder.block.4.layer.0.SelfAttention.q.weight]
Loading weights:  11%|#1        | 57/509 [00:00<00:00, 507.11it/s, Materializing param=decoder.block.4.layer.0.SelfAttention.v.weight]
Loading weights:  11%|#1        | 57/509 [00:00<00:00, 507.11it/s, Materializing param=decoder.block.4.layer.0.SelfAttention.v.weight]
Loading weights:  11%|#1        | 58/509 [00:00<00:00, 507.11it/s, Materializing param=decoder.block.4.layer.0.layer_norm.weight]     
Loading weights:  11%|#1        | 58/509 [00:00<00:00, 507.11it/s, Materializing param=decoder.block.4.layer.0.layer_norm.weight]
Loading weights:  12%|#1        | 59/509 [00:00<00:00, 507.11it/s, Materializing param=decoder.block.4.layer.1.EncDecAttention.k.weight]
Loading weights:  12%|#1        | 59/509 [00:00<00:00, 507.11it/s, Materializing param=decoder.block.4.layer.1.EncDecAttention.k.weight]
Loading weights:  12%|#1        | 60/509 [00:00<00:00, 507.11it/s, Materializing param=decoder.block.4.layer.1.EncDecAttention.o.weight]
Loading weights:  12%|#1        | 60/509 [00:00<00:00, 507.11it/s, Materializing param=decoder.block.4.layer.1.EncDecAttention.o.weight]
Loading weights:  12%|#1        | 61/509 [00:00<00:00, 507.11it/s, Materializing param=decoder.block.4.layer.1.EncDecAttention.q.weight]
Loading weights:  12%|#1        | 61/509 [00:00<00:00, 507.11it/s, Materializing param=decoder.block.4.layer.1.EncDecAttention.q.weight]
Loading weights:  12%|#2        | 62/509 [00:00<00:00, 507.11it/s, Materializing param=decoder.block.4.layer.1.EncDecAttention.v.weight]
Loading weights:  12%|#2        | 62/509 [00:00<00:00, 507.11it/s, Materializing param=decoder.block.4.layer.1.EncDecAttention.v.weight]
Loading weights:  12%|#2        | 63/509 [00:00<00:00, 507.11it/s, Materializing param=decoder.block.4.layer.1.layer_norm.weight]       
Loading weights:  12%|#2        | 63/509 [00:00<00:00, 507.11it/s, Materializing param=decoder.block.4.layer.1.layer_norm.weight]
Loading weights:  13%|#2        | 64/509 [00:00<00:00, 507.11it/s, Materializing param=decoder.block.4.layer.2.DenseReluDense.wi.weight]
Loading weights:  13%|#2        | 64/509 [00:00<00:00, 507.11it/s, Materializing param=decoder.block.4.layer.2.DenseReluDense.wi.weight]
Loading weights:  13%|#2        | 65/509 [00:00<00:00, 507.11it/s, Materializing param=decoder.block.4.layer.2.DenseReluDense.wo.weight]
Loading weights:  13%|#2        | 65/509 [00:00<00:00, 507.11it/s, Materializing param=decoder.block.4.layer.2.DenseReluDense.wo.weight]
Loading weights:  13%|#2        | 66/509 [00:00<00:00, 507.11it/s, Materializing param=decoder.block.4.layer.2.layer_norm.weight]       
Loading weights:  13%|#2        | 66/509 [00:00<00:00, 507.11it/s, Materializing param=decoder.block.4.layer.2.layer_norm.weight]
Loading weights:  13%|#3        | 67/509 [00:00<00:00, 507.11it/s, Materializing param=decoder.block.5.layer.0.SelfAttention.k.weight]
Loading weights:  13%|#3        | 67/509 [00:00<00:00, 507.11it/s, Materializing param=decoder.block.5.layer.0.SelfAttention.k.weight]
Loading weights:  13%|#3        | 68/509 [00:00<00:00, 507.11it/s, Materializing param=decoder.block.5.layer.0.SelfAttention.o.weight]
Loading weights:  13%|#3        | 68/509 [00:00<00:00, 507.11it/s, Materializing param=decoder.block.5.layer.0.SelfAttention.o.weight]
Loading weights:  14%|#3        | 69/509 [00:00<00:00, 507.11it/s, Materializing param=decoder.block.5.layer.0.SelfAttention.q.weight]
Loading weights:  14%|#3        | 69/509 [00:00<00:00, 507.11it/s, Materializing param=decoder.block.5.layer.0.SelfAttention.q.weight]
Loading weights:  14%|#3        | 70/509 [00:00<00:00, 507.11it/s, Materializing param=decoder.block.5.layer.0.SelfAttention.v.weight]
Loading weights:  14%|#3        | 70/509 [00:00<00:00, 507.11it/s, Materializing param=decoder.block.5.layer.0.SelfAttention.v.weight]
Loading weights:  14%|#3        | 71/509 [00:00<00:00, 507.11it/s, Materializing param=decoder.block.5.layer.0.layer_norm.weight]     
Loading weights:  14%|#3        | 71/509 [00:00<00:00, 507.11it/s, Materializing param=decoder.block.5.layer.0.layer_norm.weight]
Loading weights:  14%|#4        | 72/509 [00:00<00:00, 507.11it/s, Materializing param=decoder.block.5.layer.1.EncDecAttention.k.weight]
Loading weights:  14%|#4        | 72/509 [00:00<00:00, 507.11it/s, Materializing param=decoder.block.5.layer.1.EncDecAttention.k.weight]
Loading weights:  14%|#4        | 73/509 [00:00<00:00, 507.11it/s, Materializing param=decoder.block.5.layer.1.EncDecAttention.o.weight]
Loading weights:  14%|#4        | 73/509 [00:00<00:00, 507.11it/s, Materializing param=decoder.block.5.layer.1.EncDecAttention.o.weight]
Loading weights:  15%|#4        | 74/509 [00:00<00:00, 507.11it/s, Materializing param=decoder.block.5.layer.1.EncDecAttention.q.weight]
Loading weights:  15%|#4        | 74/509 [00:00<00:00, 507.11it/s, Materializing param=decoder.block.5.layer.1.EncDecAttention.q.weight]
Loading weights:  15%|#4        | 75/509 [00:00<00:00, 507.11it/s, Materializing param=decoder.block.5.layer.1.EncDecAttention.v.weight]
Loading weights:  15%|#4        | 75/509 [00:00<00:00, 507.11it/s, Materializing param=decoder.block.5.layer.1.EncDecAttention.v.weight]
Loading weights:  15%|#4        | 76/509 [00:00<00:00, 507.11it/s, Materializing param=decoder.block.5.layer.1.layer_norm.weight]       
Loading weights:  15%|#4        | 76/509 [00:00<00:00, 507.11it/s, Materializing param=decoder.block.5.layer.1.layer_norm.weight]
Loading weights:  15%|#5        | 77/509 [00:00<00:00, 507.11it/s, Materializing param=decoder.block.5.layer.2.DenseReluDense.wi.weight]
Loading weights:  15%|#5        | 77/509 [00:00<00:00, 507.11it/s, Materializing param=decoder.block.5.layer.2.DenseReluDense.wi.weight]
Loading weights:  15%|#5        | 78/509 [00:00<00:00, 507.11it/s, Materializing param=decoder.block.5.layer.2.DenseReluDense.wo.weight]
Loading weights:  15%|#5        | 78/509 [00:00<00:00, 507.11it/s, Materializing param=decoder.block.5.layer.2.DenseReluDense.wo.weight]
Loading weights:  16%|#5        | 79/509 [00:00<00:00, 507.11it/s, Materializing param=decoder.block.5.layer.2.layer_norm.weight]       
Loading weights:  16%|#5        | 79/509 [00:00<00:00, 507.11it/s, Materializing param=decoder.block.5.layer.2.layer_norm.weight]
Loading weights:  16%|#5        | 80/509 [00:00<00:00, 507.11it/s, Materializing param=decoder.block.6.layer.0.SelfAttention.k.weight]
Loading weights:  16%|#5        | 80/509 [00:00<00:00, 507.11it/s, Materializing param=decoder.block.6.layer.0.SelfAttention.k.weight]
Loading weights:  16%|#5        | 81/509 [00:00<00:00, 507.11it/s, Materializing param=decoder.block.6.layer.0.SelfAttention.o.weight]
Loading weights:  16%|#5        | 81/509 [00:00<00:00, 507.11it/s, Materializing param=decoder.block.6.layer.0.SelfAttention.o.weight]
Loading weights:  16%|#6        | 82/509 [00:00<00:00, 507.11it/s, Materializing param=decoder.block.6.layer.0.SelfAttention.q.weight]
Loading weights:  16%|#6        | 82/509 [00:00<00:00, 507.11it/s, Materializing param=decoder.block.6.layer.0.SelfAttention.q.weight]
Loading weights:  16%|#6        | 83/509 [00:00<00:00, 507.11it/s, Materializing param=decoder.block.6.layer.0.SelfAttention.v.weight]
Loading weights:  16%|#6        | 83/509 [00:00<00:00, 507.11it/s, Materializing param=decoder.block.6.layer.0.SelfAttention.v.weight]
Loading weights:  17%|#6        | 84/509 [00:00<00:00, 507.11it/s, Materializing param=decoder.block.6.layer.0.layer_norm.weight]     
Loading weights:  17%|#6        | 84/509 [00:00<00:00, 507.11it/s, Materializing param=decoder.block.6.layer.0.layer_norm.weight]
Loading weights:  17%|#6        | 85/509 [00:00<00:00, 507.11it/s, Materializing param=decoder.block.6.layer.1.EncDecAttention.k.weight]
Loading weights:  17%|#6        | 85/509 [00:00<00:00, 507.11it/s, Materializing param=decoder.block.6.layer.1.EncDecAttention.k.weight]
Loading weights:  17%|#6        | 86/509 [00:00<00:00, 507.11it/s, Materializing param=decoder.block.6.layer.1.EncDecAttention.o.weight]
Loading weights:  17%|#6        | 86/509 [00:00<00:00, 507.11it/s, Materializing param=decoder.block.6.layer.1.EncDecAttention.o.weight]
Loading weights:  17%|#7        | 87/509 [00:00<00:00, 507.11it/s, Materializing param=decoder.block.6.layer.1.EncDecAttention.q.weight]
Loading weights:  17%|#7        | 87/509 [00:00<00:00, 507.11it/s, Materializing param=decoder.block.6.layer.1.EncDecAttention.q.weight]
Loading weights:  17%|#7        | 88/509 [00:00<00:00, 507.11it/s, Materializing param=decoder.block.6.layer.1.EncDecAttention.v.weight]
Loading weights:  17%|#7        | 88/509 [00:00<00:00, 507.11it/s, Materializing param=decoder.block.6.layer.1.EncDecAttention.v.weight]
Loading weights:  17%|#7        | 89/509 [00:00<00:00, 507.11it/s, Materializing param=decoder.block.6.layer.1.layer_norm.weight]       
Loading weights:  17%|#7        | 89/509 [00:00<00:00, 507.11it/s, Materializing param=decoder.block.6.layer.1.layer_norm.weight]
Loading weights:  18%|#7        | 90/509 [00:00<00:00, 507.11it/s, Materializing param=decoder.block.6.layer.2.DenseReluDense.wi.weight]
Loading weights:  18%|#7        | 90/509 [00:00<00:00, 507.11it/s, Materializing param=decoder.block.6.layer.2.DenseReluDense.wi.weight]
Loading weights:  18%|#7        | 91/509 [00:00<00:00, 507.11it/s, Materializing param=decoder.block.6.layer.2.DenseReluDense.wo.weight]
Loading weights:  18%|#7        | 91/509 [00:00<00:00, 507.11it/s, Materializing param=decoder.block.6.layer.2.DenseReluDense.wo.weight]
Loading weights:  18%|#8        | 92/509 [00:00<00:00, 507.11it/s, Materializing param=decoder.block.6.layer.2.layer_norm.weight]       
Loading weights:  18%|#8        | 92/509 [00:00<00:00, 507.11it/s, Materializing param=decoder.block.6.layer.2.layer_norm.weight]
Loading weights:  18%|#8        | 93/509 [00:00<00:00, 507.11it/s, Materializing param=decoder.block.7.layer.0.SelfAttention.k.weight]
Loading weights:  18%|#8        | 93/509 [00:00<00:00, 507.11it/s, Materializing param=decoder.block.7.layer.0.SelfAttention.k.weight]
Loading weights:  18%|#8        | 94/509 [00:00<00:00, 507.11it/s, Materializing param=decoder.block.7.layer.0.SelfAttention.o.weight]
Loading weights:  18%|#8        | 94/509 [00:00<00:00, 507.11it/s, Materializing param=decoder.block.7.layer.0.SelfAttention.o.weight]
Loading weights:  19%|#8        | 95/509 [00:00<00:00, 507.11it/s, Materializing param=decoder.block.7.layer.0.SelfAttention.q.weight]
Loading weights:  19%|#8        | 95/509 [00:00<00:00, 507.11it/s, Materializing param=decoder.block.7.layer.0.SelfAttention.q.weight]
Loading weights:  19%|#8        | 96/509 [00:00<00:00, 507.11it/s, Materializing param=decoder.block.7.layer.0.SelfAttention.v.weight]
Loading weights:  19%|#8        | 96/509 [00:00<00:00, 507.11it/s, Materializing param=decoder.block.7.layer.0.SelfAttention.v.weight]
Loading weights:  19%|#9        | 97/509 [00:00<00:00, 507.11it/s, Materializing param=decoder.block.7.layer.0.layer_norm.weight]     
Loading weights:  19%|#9        | 97/509 [00:00<00:00, 507.11it/s, Materializing param=decoder.block.7.layer.0.layer_norm.weight]
Loading weights:  19%|#9        | 98/509 [00:00<00:00, 507.11it/s, Materializing param=decoder.block.7.layer.1.EncDecAttention.k.weight]
Loading weights:  19%|#9        | 98/509 [00:00<00:00, 507.11it/s, Materializing param=decoder.block.7.layer.1.EncDecAttention.k.weight]
Loading weights:  19%|#9        | 99/509 [00:00<00:00, 507.11it/s, Materializing param=decoder.block.7.layer.1.EncDecAttention.o.weight]
Loading weights:  19%|#9        | 99/509 [00:00<00:00, 507.11it/s, Materializing param=decoder.block.7.layer.1.EncDecAttention.o.weight]
Loading weights:  20%|#9        | 100/509 [00:00<00:00, 507.11it/s, Materializing param=decoder.block.7.layer.1.EncDecAttention.q.weight]
Loading weights:  20%|#9        | 100/509 [00:00<00:00, 507.11it/s, Materializing param=decoder.block.7.layer.1.EncDecAttention.q.weight]
Loading weights:  20%|#9        | 101/509 [00:00<00:00, 507.11it/s, Materializing param=decoder.block.7.layer.1.EncDecAttention.v.weight]
Loading weights:  20%|#9        | 101/509 [00:00<00:00, 507.11it/s, Materializing param=decoder.block.7.layer.1.EncDecAttention.v.weight]
Loading weights:  20%|##        | 102/509 [00:00<00:00, 507.11it/s, Materializing param=decoder.block.7.layer.1.layer_norm.weight]       
Loading weights:  20%|##        | 102/509 [00:00<00:00, 507.11it/s, Materializing param=decoder.block.7.layer.1.layer_norm.weight]
Loading weights:  20%|##        | 103/509 [00:00<00:00, 507.11it/s, Materializing param=decoder.block.7.layer.2.DenseReluDense.wi.weight]
Loading weights:  20%|##        | 103/509 [00:00<00:00, 507.11it/s, Materializing param=decoder.block.7.layer.2.DenseReluDense.wi.weight]
Loading weights:  20%|##        | 104/509 [00:00<00:00, 507.11it/s, Materializing param=decoder.block.7.layer.2.DenseReluDense.wo.weight]
Loading weights:  20%|##        | 104/509 [00:00<00:00, 507.11it/s, Materializing param=decoder.block.7.layer.2.DenseReluDense.wo.weight]
Loading weights:  21%|##        | 105/509 [00:00<00:00, 507.11it/s, Materializing param=decoder.block.7.layer.2.layer_norm.weight]       
Loading weights:  21%|##        | 105/509 [00:00<00:00, 507.11it/s, Materializing param=decoder.block.7.layer.2.layer_norm.weight]
Loading weights:  21%|##        | 106/509 [00:00<00:00, 507.11it/s, Materializing param=decoder.block.8.layer.0.SelfAttention.k.weight]
Loading weights:  21%|##        | 106/509 [00:00<00:00, 507.11it/s, Materializing param=decoder.block.8.layer.0.SelfAttention.k.weight]
Loading weights:  21%|##1       | 107/509 [00:00<00:00, 507.11it/s, Materializing param=decoder.block.8.layer.0.SelfAttention.o.weight]
Loading weights:  21%|##1       | 107/509 [00:00<00:00, 507.11it/s, Materializing param=decoder.block.8.layer.0.SelfAttention.o.weight]
Loading weights:  21%|##1       | 108/509 [00:00<00:00, 507.11it/s, Materializing param=decoder.block.8.layer.0.SelfAttention.q.weight]
Loading weights:  21%|##1       | 108/509 [00:00<00:00, 507.11it/s, Materializing param=decoder.block.8.layer.0.SelfAttention.q.weight]
Loading weights:  21%|##1       | 109/509 [00:00<00:00, 507.11it/s, Materializing param=decoder.block.8.layer.0.SelfAttention.v.weight]
Loading weights:  21%|##1       | 109/509 [00:00<00:00, 507.11it/s, Materializing param=decoder.block.8.layer.0.SelfAttention.v.weight]
Loading weights:  22%|##1       | 110/509 [00:00<00:00, 507.11it/s, Materializing param=decoder.block.8.layer.0.layer_norm.weight]     
Loading weights:  22%|##1       | 110/509 [00:00<00:00, 507.11it/s, Materializing param=decoder.block.8.layer.0.layer_norm.weight]
Loading weights:  22%|##1       | 111/509 [00:00<00:00, 507.11it/s, Materializing param=decoder.block.8.layer.1.EncDecAttention.k.weight]
Loading weights:  22%|##1       | 111/509 [00:00<00:00, 507.11it/s, Materializing param=decoder.block.8.layer.1.EncDecAttention.k.weight]
Loading weights:  22%|##2       | 112/509 [00:00<00:00, 507.11it/s, Materializing param=decoder.block.8.layer.1.EncDecAttention.o.weight]
Loading weights:  22%|##2       | 112/509 [00:00<00:00, 507.11it/s, Materializing param=decoder.block.8.layer.1.EncDecAttention.o.weight]
Loading weights:  22%|##2       | 113/509 [00:00<00:00, 507.11it/s, Materializing param=decoder.block.8.layer.1.EncDecAttention.q.weight]
Loading weights:  22%|##2       | 113/509 [00:00<00:00, 507.11it/s, Materializing param=decoder.block.8.layer.1.EncDecAttention.q.weight]
Loading weights:  22%|##2       | 114/509 [00:00<00:00, 507.11it/s, Materializing param=decoder.block.8.layer.1.EncDecAttention.v.weight]
Loading weights:  22%|##2       | 114/509 [00:00<00:00, 507.11it/s, Materializing param=decoder.block.8.layer.1.EncDecAttention.v.weight]
Loading weights:  23%|##2       | 115/509 [00:00<00:00, 507.11it/s, Materializing param=decoder.block.8.layer.1.layer_norm.weight]       
Loading weights:  23%|##2       | 115/509 [00:00<00:00, 507.11it/s, Materializing param=decoder.block.8.layer.1.layer_norm.weight]
Loading weights:  23%|##2       | 116/509 [00:00<00:00, 507.11it/s, Materializing param=decoder.block.8.layer.2.DenseReluDense.wi.weight]
Loading weights:  23%|##2       | 116/509 [00:00<00:00, 507.11it/s, Materializing param=decoder.block.8.layer.2.DenseReluDense.wi.weight]
Loading weights:  23%|##2       | 117/509 [00:00<00:00, 507.11it/s, Materializing param=decoder.block.8.layer.2.DenseReluDense.wo.weight]
Loading weights:  23%|##2       | 117/509 [00:00<00:00, 507.11it/s, Materializing param=decoder.block.8.layer.2.DenseReluDense.wo.weight]
Loading weights:  23%|##3       | 118/509 [00:00<00:00, 507.11it/s, Materializing param=decoder.block.8.layer.2.layer_norm.weight]       
Loading weights:  23%|##3       | 118/509 [00:00<00:00, 507.11it/s, Materializing param=decoder.block.8.layer.2.layer_norm.weight]
Loading weights:  23%|##3       | 119/509 [00:00<00:00, 507.11it/s, Materializing param=decoder.block.9.layer.0.SelfAttention.k.weight]
Loading weights:  23%|##3       | 119/509 [00:00<00:00, 507.11it/s, Materializing param=decoder.block.9.layer.0.SelfAttention.k.weight]
Loading weights:  24%|##3       | 120/509 [00:00<00:00, 507.11it/s, Materializing param=decoder.block.9.layer.0.SelfAttention.o.weight]
Loading weights:  24%|##3       | 120/509 [00:00<00:00, 507.11it/s, Materializing param=decoder.block.9.layer.0.SelfAttention.o.weight]
Loading weights:  24%|##3       | 121/509 [00:00<00:00, 507.11it/s, Materializing param=decoder.block.9.layer.0.SelfAttention.q.weight]
Loading weights:  24%|##3       | 121/509 [00:00<00:00, 507.11it/s, Materializing param=decoder.block.9.layer.0.SelfAttention.q.weight]
Loading weights:  24%|##3       | 122/509 [00:00<00:00, 507.11it/s, Materializing param=decoder.block.9.layer.0.SelfAttention.v.weight]
Loading weights:  24%|##3       | 122/509 [00:00<00:00, 507.11it/s, Materializing param=decoder.block.9.layer.0.SelfAttention.v.weight]
Loading weights:  24%|##4       | 123/509 [00:00<00:00, 507.11it/s, Materializing param=decoder.block.9.layer.0.layer_norm.weight]     
Loading weights:  24%|##4       | 123/509 [00:00<00:00, 507.11it/s, Materializing param=decoder.block.9.layer.0.layer_norm.weight]
Loading weights:  24%|##4       | 124/509 [00:00<00:00, 507.11it/s, Materializing param=decoder.block.9.layer.1.EncDecAttention.k.weight]
Loading weights:  24%|##4       | 124/509 [00:00<00:00, 507.11it/s, Materializing param=decoder.block.9.layer.1.EncDecAttention.k.weight]
Loading weights:  25%|##4       | 125/509 [00:00<00:00, 507.11it/s, Materializing param=decoder.block.9.layer.1.EncDecAttention.o.weight]
Loading weights:  25%|##4       | 125/509 [00:00<00:00, 507.11it/s, Materializing param=decoder.block.9.layer.1.EncDecAttention.o.weight]
Loading weights:  25%|##4       | 126/509 [00:00<00:00, 507.11it/s, Materializing param=decoder.block.9.layer.1.EncDecAttention.q.weight]
Loading weights:  25%|##4       | 126/509 [00:00<00:00, 507.11it/s, Materializing param=decoder.block.9.layer.1.EncDecAttention.q.weight]
Loading weights:  25%|##4       | 127/509 [00:00<00:00, 507.11it/s, Materializing param=decoder.block.9.layer.1.EncDecAttention.v.weight]
Loading weights:  25%|##4       | 127/509 [00:00<00:00, 507.11it/s, Materializing param=decoder.block.9.layer.1.EncDecAttention.v.weight]
Loading weights:  25%|##5       | 128/509 [00:00<00:00, 507.11it/s, Materializing param=decoder.block.9.layer.1.layer_norm.weight]       
Loading weights:  25%|##5       | 128/509 [00:00<00:00, 507.11it/s, Materializing param=decoder.block.9.layer.1.layer_norm.weight]
Loading weights:  25%|##5       | 129/509 [00:00<00:00, 507.11it/s, Materializing param=decoder.block.9.layer.2.DenseReluDense.wi.weight]
Loading weights:  25%|##5       | 129/509 [00:00<00:00, 507.11it/s, Materializing param=decoder.block.9.layer.2.DenseReluDense.wi.weight]
Loading weights:  26%|##5       | 130/509 [00:00<00:00, 507.11it/s, Materializing param=decoder.block.9.layer.2.DenseReluDense.wo.weight]
Loading weights:  26%|##5       | 130/509 [00:00<00:00, 507.11it/s, Materializing param=decoder.block.9.layer.2.DenseReluDense.wo.weight]
Loading weights:  26%|##5       | 131/509 [00:00<00:00, 507.11it/s, Materializing param=decoder.block.9.layer.2.layer_norm.weight]       
Loading weights:  26%|##5       | 131/509 [00:00<00:00, 507.11it/s, Materializing param=decoder.block.9.layer.2.layer_norm.weight]
Loading weights:  26%|##5       | 132/509 [00:00<00:00, 507.11it/s, Materializing param=decoder.block.10.layer.0.SelfAttention.k.weight]
Loading weights:  26%|##5       | 132/509 [00:00<00:00, 507.11it/s, Materializing param=decoder.block.10.layer.0.SelfAttention.k.weight]
Loading weights:  26%|##6       | 133/509 [00:00<00:00, 507.11it/s, Materializing param=decoder.block.10.layer.0.SelfAttention.o.weight]
Loading weights:  26%|##6       | 133/509 [00:00<00:00, 507.11it/s, Materializing param=decoder.block.10.layer.0.SelfAttention.o.weight]
Loading weights:  26%|##6       | 134/509 [00:00<00:00, 507.11it/s, Materializing param=decoder.block.10.layer.0.SelfAttention.q.weight]
Loading weights:  26%|##6       | 134/509 [00:00<00:00, 507.11it/s, Materializing param=decoder.block.10.layer.0.SelfAttention.q.weight]
Loading weights:  27%|##6       | 135/509 [00:00<00:00, 507.11it/s, Materializing param=decoder.block.10.layer.0.SelfAttention.v.weight]
Loading weights:  27%|##6       | 135/509 [00:00<00:00, 507.11it/s, Materializing param=decoder.block.10.layer.0.SelfAttention.v.weight]
Loading weights:  27%|##6       | 136/509 [00:00<00:00, 507.11it/s, Materializing param=decoder.block.10.layer.0.layer_norm.weight]     
Loading weights:  27%|##6       | 136/509 [00:00<00:00, 507.11it/s, Materializing param=decoder.block.10.layer.0.layer_norm.weight]
Loading weights:  27%|##6       | 137/509 [00:00<00:00, 507.11it/s, Materializing param=decoder.block.10.layer.1.EncDecAttention.k.weight]
Loading weights:  27%|##6       | 137/509 [00:00<00:00, 507.11it/s, Materializing param=decoder.block.10.layer.1.EncDecAttention.k.weight]
Loading weights:  27%|##7       | 138/509 [00:00<00:00, 507.11it/s, Materializing param=decoder.block.10.layer.1.EncDecAttention.o.weight]
Loading weights:  27%|##7       | 138/509 [00:00<00:00, 507.11it/s, Materializing param=decoder.block.10.layer.1.EncDecAttention.o.weight]
Loading weights:  27%|##7       | 139/509 [00:00<00:00, 507.11it/s, Materializing param=decoder.block.10.layer.1.EncDecAttention.q.weight]
Loading weights:  27%|##7       | 139/509 [00:00<00:00, 507.11it/s, Materializing param=decoder.block.10.layer.1.EncDecAttention.q.weight]
Loading weights:  28%|##7       | 140/509 [00:00<00:00, 507.11it/s, Materializing param=decoder.block.10.layer.1.EncDecAttention.v.weight]
Loading weights:  28%|##7       | 140/509 [00:00<00:00, 507.11it/s, Materializing param=decoder.block.10.layer.1.EncDecAttention.v.weight]
Loading weights:  28%|##7       | 141/509 [00:00<00:00, 507.11it/s, Materializing param=decoder.block.10.layer.1.layer_norm.weight]       
Loading weights:  28%|##7       | 141/509 [00:00<00:00, 507.11it/s, Materializing param=decoder.block.10.layer.1.layer_norm.weight]
Loading weights:  28%|##7       | 142/509 [00:00<00:00, 507.11it/s, Materializing param=decoder.block.10.layer.2.DenseReluDense.wi.weight]
Loading weights:  28%|##7       | 142/509 [00:00<00:00, 507.11it/s, Materializing param=decoder.block.10.layer.2.DenseReluDense.wi.weight]
Loading weights:  28%|##8       | 143/509 [00:00<00:00, 507.11it/s, Materializing param=decoder.block.10.layer.2.DenseReluDense.wo.weight]
Loading weights:  28%|##8       | 143/509 [00:00<00:00, 507.11it/s, Materializing param=decoder.block.10.layer.2.DenseReluDense.wo.weight]
Loading weights:  28%|##8       | 144/509 [00:00<00:00, 507.11it/s, Materializing param=decoder.block.10.layer.2.layer_norm.weight]       
Loading weights:  28%|##8       | 144/509 [00:00<00:00, 507.11it/s, Materializing param=decoder.block.10.layer.2.layer_norm.weight]
Loading weights:  28%|##8       | 145/509 [00:00<00:00, 507.11it/s, Materializing param=decoder.block.11.layer.0.SelfAttention.k.weight]
Loading weights:  28%|##8       | 145/509 [00:00<00:00, 507.11it/s, Materializing param=decoder.block.11.layer.0.SelfAttention.k.weight]
Loading weights:  29%|##8       | 146/509 [00:00<00:00, 507.11it/s, Materializing param=decoder.block.11.layer.0.SelfAttention.o.weight]
Loading weights:  29%|##8       | 146/509 [00:00<00:00, 507.11it/s, Materializing param=decoder.block.11.layer.0.SelfAttention.o.weight]
Loading weights:  29%|##8       | 147/509 [00:00<00:00, 507.11it/s, Materializing param=decoder.block.11.layer.0.SelfAttention.q.weight]
Loading weights:  29%|##8       | 147/509 [00:00<00:00, 507.11it/s, Materializing param=decoder.block.11.layer.0.SelfAttention.q.weight]
Loading weights:  29%|##9       | 148/509 [00:00<00:00, 507.11it/s, Materializing param=decoder.block.11.layer.0.SelfAttention.v.weight]
Loading weights:  29%|##9       | 148/509 [00:00<00:00, 507.11it/s, Materializing param=decoder.block.11.layer.0.SelfAttention.v.weight]
Loading weights:  29%|##9       | 149/509 [00:00<00:00, 507.11it/s, Materializing param=decoder.block.11.layer.0.layer_norm.weight]     
Loading weights:  29%|##9       | 149/509 [00:00<00:00, 507.11it/s, Materializing param=decoder.block.11.layer.0.layer_norm.weight]
Loading weights:  29%|##9       | 150/509 [00:00<00:00, 507.11it/s, Materializing param=decoder.block.11.layer.1.EncDecAttention.k.weight]
Loading weights:  29%|##9       | 150/509 [00:00<00:00, 507.11it/s, Materializing param=decoder.block.11.layer.1.EncDecAttention.k.weight]
Loading weights:  30%|##9       | 151/509 [00:00<00:00, 507.11it/s, Materializing param=decoder.block.11.layer.1.EncDecAttention.o.weight]
Loading weights:  30%|##9       | 151/509 [00:00<00:00, 507.11it/s, Materializing param=decoder.block.11.layer.1.EncDecAttention.o.weight]
Loading weights:  30%|##9       | 152/509 [00:00<00:00, 507.11it/s, Materializing param=decoder.block.11.layer.1.EncDecAttention.q.weight]
Loading weights:  30%|##9       | 152/509 [00:00<00:00, 507.11it/s, Materializing param=decoder.block.11.layer.1.EncDecAttention.q.weight]
Loading weights:  30%|###       | 153/509 [00:00<00:00, 507.11it/s, Materializing param=decoder.block.11.layer.1.EncDecAttention.v.weight]
Loading weights:  30%|###       | 153/509 [00:00<00:00, 507.11it/s, Materializing param=decoder.block.11.layer.1.EncDecAttention.v.weight]
Loading weights:  30%|###       | 154/509 [00:00<00:00, 507.11it/s, Materializing param=decoder.block.11.layer.1.layer_norm.weight]       
Loading weights:  30%|###       | 154/509 [00:00<00:00, 507.11it/s, Materializing param=decoder.block.11.layer.1.layer_norm.weight]
Loading weights:  30%|###       | 155/509 [00:00<00:00, 507.11it/s, Materializing param=decoder.block.11.layer.2.DenseReluDense.wi.weight]
Loading weights:  30%|###       | 155/509 [00:00<00:00, 507.11it/s, Materializing param=decoder.block.11.layer.2.DenseReluDense.wi.weight]
Loading weights:  31%|###       | 156/509 [00:00<00:00, 507.11it/s, Materializing param=decoder.block.11.layer.2.DenseReluDense.wo.weight]
Loading weights:  31%|###       | 156/509 [00:00<00:00, 507.11it/s, Materializing param=decoder.block.11.layer.2.DenseReluDense.wo.weight]
Loading weights:  31%|###       | 157/509 [00:00<00:00, 507.11it/s, Materializing param=decoder.block.11.layer.2.layer_norm.weight]       
Loading weights:  31%|###       | 157/509 [00:00<00:00, 507.11it/s, Materializing param=decoder.block.11.layer.2.layer_norm.weight]
Loading weights:  31%|###1      | 158/509 [00:00<00:00, 507.11it/s, Materializing param=decoder.block.12.layer.0.SelfAttention.k.weight]
Loading weights:  31%|###1      | 158/509 [00:00<00:00, 507.11it/s, Materializing param=decoder.block.12.layer.0.SelfAttention.k.weight]
Loading weights:  31%|###1      | 159/509 [00:00<00:00, 507.11it/s, Materializing param=decoder.block.12.layer.0.SelfAttention.o.weight]
Loading weights:  31%|###1      | 159/509 [00:00<00:00, 507.11it/s, Materializing param=decoder.block.12.layer.0.SelfAttention.o.weight]
Loading weights:  31%|###1      | 160/509 [00:00<00:00, 507.11it/s, Materializing param=decoder.block.12.layer.0.SelfAttention.q.weight]
Loading weights:  31%|###1      | 160/509 [00:00<00:00, 507.11it/s, Materializing param=decoder.block.12.layer.0.SelfAttention.q.weight]
Loading weights:  32%|###1      | 161/509 [00:00<00:00, 507.11it/s, Materializing param=decoder.block.12.layer.0.SelfAttention.v.weight]
Loading weights:  32%|###1      | 161/509 [00:00<00:00, 507.11it/s, Materializing param=decoder.block.12.layer.0.SelfAttention.v.weight]
Loading weights:  32%|###1      | 162/509 [00:00<00:00, 507.11it/s, Materializing param=decoder.block.12.layer.0.layer_norm.weight]     
Loading weights:  32%|###1      | 162/509 [00:00<00:00, 507.11it/s, Materializing param=decoder.block.12.layer.0.layer_norm.weight]
Loading weights:  32%|###2      | 163/509 [00:00<00:00, 507.11it/s, Materializing param=decoder.block.12.layer.1.EncDecAttention.k.weight]
Loading weights:  32%|###2      | 163/509 [00:00<00:00, 507.11it/s, Materializing param=decoder.block.12.layer.1.EncDecAttention.k.weight]
Loading weights:  32%|###2      | 164/509 [00:00<00:00, 507.11it/s, Materializing param=decoder.block.12.layer.1.EncDecAttention.o.weight]
Loading weights:  32%|###2      | 164/509 [00:00<00:00, 507.11it/s, Materializing param=decoder.block.12.layer.1.EncDecAttention.o.weight]
Loading weights:  32%|###2      | 165/509 [00:00<00:00, 507.11it/s, Materializing param=decoder.block.12.layer.1.EncDecAttention.q.weight]
Loading weights:  32%|###2      | 165/509 [00:00<00:00, 507.11it/s, Materializing param=decoder.block.12.layer.1.EncDecAttention.q.weight]
Loading weights:  33%|###2      | 166/509 [00:00<00:00, 507.11it/s, Materializing param=decoder.block.12.layer.1.EncDecAttention.v.weight]
Loading weights:  33%|###2      | 166/509 [00:00<00:00, 507.11it/s, Materializing param=decoder.block.12.layer.1.EncDecAttention.v.weight]
Loading weights:  33%|###2      | 167/509 [00:00<00:00, 507.11it/s, Materializing param=decoder.block.12.layer.1.layer_norm.weight]       
Loading weights:  33%|###2      | 167/509 [00:00<00:00, 507.11it/s, Materializing param=decoder.block.12.layer.1.layer_norm.weight]
Loading weights:  33%|###3      | 168/509 [00:00<00:00, 507.11it/s, Materializing param=decoder.block.12.layer.2.DenseReluDense.wi.weight]
Loading weights:  33%|###3      | 168/509 [00:00<00:00, 507.11it/s, Materializing param=decoder.block.12.layer.2.DenseReluDense.wi.weight]
Loading weights:  33%|###3      | 169/509 [00:00<00:00, 507.11it/s, Materializing param=decoder.block.12.layer.2.DenseReluDense.wo.weight]
Loading weights:  33%|###3      | 169/509 [00:00<00:00, 507.11it/s, Materializing param=decoder.block.12.layer.2.DenseReluDense.wo.weight]
Loading weights:  33%|###3      | 170/509 [00:00<00:00, 507.11it/s, Materializing param=decoder.block.12.layer.2.layer_norm.weight]       
Loading weights:  33%|###3      | 170/509 [00:00<00:00, 507.11it/s, Materializing param=decoder.block.12.layer.2.layer_norm.weight]
Loading weights:  34%|###3      | 171/509 [00:00<00:00, 507.11it/s, Materializing param=decoder.block.13.layer.0.SelfAttention.k.weight]
Loading weights:  34%|###3      | 171/509 [00:00<00:00, 507.11it/s, Materializing param=decoder.block.13.layer.0.SelfAttention.k.weight]
Loading weights:  34%|###3      | 172/509 [00:00<00:00, 507.11it/s, Materializing param=decoder.block.13.layer.0.SelfAttention.o.weight]
Loading weights:  34%|###3      | 172/509 [00:00<00:00, 507.11it/s, Materializing param=decoder.block.13.layer.0.SelfAttention.o.weight]
Loading weights:  34%|###3      | 173/509 [00:00<00:00, 507.11it/s, Materializing param=decoder.block.13.layer.0.SelfAttention.q.weight]
Loading weights:  34%|###3      | 173/509 [00:00<00:00, 507.11it/s, Materializing param=decoder.block.13.layer.0.SelfAttention.q.weight]
Loading weights:  34%|###4      | 174/509 [00:00<00:00, 507.11it/s, Materializing param=decoder.block.13.layer.0.SelfAttention.v.weight]
Loading weights:  34%|###4      | 174/509 [00:00<00:00, 507.11it/s, Materializing param=decoder.block.13.layer.0.SelfAttention.v.weight]
Loading weights:  34%|###4      | 175/509 [00:00<00:00, 507.11it/s, Materializing param=decoder.block.13.layer.0.layer_norm.weight]     
Loading weights:  34%|###4      | 175/509 [00:00<00:00, 507.11it/s, Materializing param=decoder.block.13.layer.0.layer_norm.weight]
Loading weights:  35%|###4      | 176/509 [00:00<00:00, 507.11it/s, Materializing param=decoder.block.13.layer.1.EncDecAttention.k.weight]
Loading weights:  35%|###4      | 176/509 [00:00<00:00, 507.11it/s, Materializing param=decoder.block.13.layer.1.EncDecAttention.k.weight]
Loading weights:  35%|###4      | 177/509 [00:00<00:00, 507.11it/s, Materializing param=decoder.block.13.layer.1.EncDecAttention.o.weight]
Loading weights:  35%|###4      | 177/509 [00:00<00:00, 507.11it/s, Materializing param=decoder.block.13.layer.1.EncDecAttention.o.weight]
Loading weights:  35%|###4      | 178/509 [00:00<00:00, 507.11it/s, Materializing param=decoder.block.13.layer.1.EncDecAttention.q.weight]
Loading weights:  35%|###4      | 178/509 [00:00<00:00, 507.11it/s, Materializing param=decoder.block.13.layer.1.EncDecAttention.q.weight]
Loading weights:  35%|###5      | 179/509 [00:00<00:00, 507.11it/s, Materializing param=decoder.block.13.layer.1.EncDecAttention.v.weight]
Loading weights:  35%|###5      | 179/509 [00:00<00:00, 507.11it/s, Materializing param=decoder.block.13.layer.1.EncDecAttention.v.weight]
Loading weights:  35%|###5      | 180/509 [00:00<00:00, 507.11it/s, Materializing param=decoder.block.13.layer.1.layer_norm.weight]       
Loading weights:  35%|###5      | 180/509 [00:00<00:00, 507.11it/s, Materializing param=decoder.block.13.layer.1.layer_norm.weight]
Loading weights:  36%|###5      | 181/509 [00:00<00:00, 507.11it/s, Materializing param=decoder.block.13.layer.2.DenseReluDense.wi.weight]
Loading weights:  36%|###5      | 181/509 [00:00<00:00, 507.11it/s, Materializing param=decoder.block.13.layer.2.DenseReluDense.wi.weight]
Loading weights:  36%|###5      | 182/509 [00:00<00:00, 507.11it/s, Materializing param=decoder.block.13.layer.2.DenseReluDense.wo.weight]
Loading weights:  36%|###5      | 182/509 [00:00<00:00, 507.11it/s, Materializing param=decoder.block.13.layer.2.DenseReluDense.wo.weight]
Loading weights:  36%|###5      | 183/509 [00:00<00:00, 507.11it/s, Materializing param=decoder.block.13.layer.2.layer_norm.weight]       
Loading weights:  36%|###5      | 183/509 [00:00<00:00, 507.11it/s, Materializing param=decoder.block.13.layer.2.layer_norm.weight]
Loading weights:  36%|###6      | 184/509 [00:00<00:00, 507.11it/s, Materializing param=decoder.block.14.layer.0.SelfAttention.k.weight]
Loading weights:  36%|###6      | 184/509 [00:00<00:00, 507.11it/s, Materializing param=decoder.block.14.layer.0.SelfAttention.k.weight]
Loading weights:  36%|###6      | 185/509 [00:00<00:00, 507.11it/s, Materializing param=decoder.block.14.layer.0.SelfAttention.o.weight]
Loading weights:  36%|###6      | 185/509 [00:00<00:00, 507.11it/s, Materializing param=decoder.block.14.layer.0.SelfAttention.o.weight]
Loading weights:  37%|###6      | 186/509 [00:00<00:00, 507.11it/s, Materializing param=decoder.block.14.layer.0.SelfAttention.q.weight]
Loading weights:  37%|###6      | 186/509 [00:00<00:00, 507.11it/s, Materializing param=decoder.block.14.layer.0.SelfAttention.q.weight]
Loading weights:  37%|###6      | 187/509 [00:00<00:00, 507.11it/s, Materializing param=decoder.block.14.layer.0.SelfAttention.v.weight]
Loading weights:  37%|###6      | 187/509 [00:00<00:00, 507.11it/s, Materializing param=decoder.block.14.layer.0.SelfAttention.v.weight]
Loading weights:  37%|###6      | 188/509 [00:00<00:00, 507.11it/s, Materializing param=decoder.block.14.layer.0.layer_norm.weight]     
Loading weights:  37%|###6      | 188/509 [00:00<00:00, 507.11it/s, Materializing param=decoder.block.14.layer.0.layer_norm.weight]
Loading weights:  37%|###7      | 189/509 [00:00<00:00, 507.11it/s, Materializing param=decoder.block.14.layer.1.EncDecAttention.k.weight]
Loading weights:  37%|###7      | 189/509 [00:00<00:00, 507.11it/s, Materializing param=decoder.block.14.layer.1.EncDecAttention.k.weight]
Loading weights:  37%|###7      | 190/509 [00:00<00:00, 507.11it/s, Materializing param=decoder.block.14.layer.1.EncDecAttention.o.weight]
Loading weights:  37%|###7      | 190/509 [00:00<00:00, 507.11it/s, Materializing param=decoder.block.14.layer.1.EncDecAttention.o.weight]
Loading weights:  38%|###7      | 191/509 [00:00<00:00, 507.11it/s, Materializing param=decoder.block.14.layer.1.EncDecAttention.q.weight]
Loading weights:  38%|###7      | 191/509 [00:00<00:00, 507.11it/s, Materializing param=decoder.block.14.layer.1.EncDecAttention.q.weight]
Loading weights:  38%|###7      | 192/509 [00:00<00:00, 507.11it/s, Materializing param=decoder.block.14.layer.1.EncDecAttention.v.weight]
Loading weights:  38%|###7      | 192/509 [00:00<00:00, 507.11it/s, Materializing param=decoder.block.14.layer.1.EncDecAttention.v.weight]
Loading weights:  38%|###7      | 193/509 [00:00<00:00, 507.11it/s, Materializing param=decoder.block.14.layer.1.layer_norm.weight]       
Loading weights:  38%|###7      | 193/509 [00:00<00:00, 507.11it/s, Materializing param=decoder.block.14.layer.1.layer_norm.weight]
Loading weights:  38%|###8      | 194/509 [00:00<00:00, 507.11it/s, Materializing param=decoder.block.14.layer.2.DenseReluDense.wi.weight]
Loading weights:  38%|###8      | 194/509 [00:00<00:00, 507.11it/s, Materializing param=decoder.block.14.layer.2.DenseReluDense.wi.weight]
Loading weights:  38%|###8      | 195/509 [00:00<00:00, 507.11it/s, Materializing param=decoder.block.14.layer.2.DenseReluDense.wo.weight]
Loading weights:  38%|###8      | 195/509 [00:00<00:00, 507.11it/s, Materializing param=decoder.block.14.layer.2.DenseReluDense.wo.weight]
Loading weights:  39%|###8      | 196/509 [00:00<00:00, 507.11it/s, Materializing param=decoder.block.14.layer.2.layer_norm.weight]       
Loading weights:  39%|###8      | 196/509 [00:00<00:00, 507.11it/s, Materializing param=decoder.block.14.layer.2.layer_norm.weight]
Loading weights:  39%|###8      | 197/509 [00:00<00:00, 507.11it/s, Materializing param=decoder.block.15.layer.0.SelfAttention.k.weight]
Loading weights:  39%|###8      | 197/509 [00:00<00:00, 507.11it/s, Materializing param=decoder.block.15.layer.0.SelfAttention.k.weight]
Loading weights:  39%|###8      | 198/509 [00:00<00:00, 507.11it/s, Materializing param=decoder.block.15.layer.0.SelfAttention.o.weight]
Loading weights:  39%|###8      | 198/509 [00:00<00:00, 507.11it/s, Materializing param=decoder.block.15.layer.0.SelfAttention.o.weight]
Loading weights:  39%|###9      | 199/509 [00:00<00:00, 507.11it/s, Materializing param=decoder.block.15.layer.0.SelfAttention.q.weight]
Loading weights:  39%|###9      | 199/509 [00:00<00:00, 507.11it/s, Materializing param=decoder.block.15.layer.0.SelfAttention.q.weight]
Loading weights:  39%|###9      | 200/509 [00:00<00:00, 507.11it/s, Materializing param=decoder.block.15.layer.0.SelfAttention.v.weight]
Loading weights:  39%|###9      | 200/509 [00:00<00:00, 507.11it/s, Materializing param=decoder.block.15.layer.0.SelfAttention.v.weight]
Loading weights:  39%|###9      | 201/509 [00:00<00:00, 507.11it/s, Materializing param=decoder.block.15.layer.0.layer_norm.weight]     
Loading weights:  39%|###9      | 201/509 [00:00<00:00, 507.11it/s, Materializing param=decoder.block.15.layer.0.layer_norm.weight]
Loading weights:  40%|###9      | 202/509 [00:00<00:00, 507.11it/s, Materializing param=decoder.block.15.layer.1.EncDecAttention.k.weight]
Loading weights:  40%|###9      | 202/509 [00:00<00:00, 507.11it/s, Materializing param=decoder.block.15.layer.1.EncDecAttention.k.weight]
Loading weights:  40%|###9      | 203/509 [00:00<00:00, 507.11it/s, Materializing param=decoder.block.15.layer.1.EncDecAttention.o.weight]
Loading weights:  40%|###9      | 203/509 [00:00<00:00, 507.11it/s, Materializing param=decoder.block.15.layer.1.EncDecAttention.o.weight]
Loading weights:  40%|####      | 204/509 [00:00<00:00, 507.11it/s, Materializing param=decoder.block.15.layer.1.EncDecAttention.q.weight]
Loading weights:  40%|####      | 204/509 [00:00<00:00, 507.11it/s, Materializing param=decoder.block.15.layer.1.EncDecAttention.q.weight]
Loading weights:  40%|####      | 205/509 [00:00<00:00, 507.11it/s, Materializing param=decoder.block.15.layer.1.EncDecAttention.v.weight]
Loading weights:  40%|####      | 205/509 [00:00<00:00, 507.11it/s, Materializing param=decoder.block.15.layer.1.EncDecAttention.v.weight]
Loading weights:  40%|####      | 206/509 [00:00<00:00, 507.11it/s, Materializing param=decoder.block.15.layer.1.layer_norm.weight]       
Loading weights:  40%|####      | 206/509 [00:00<00:00, 507.11it/s, Materializing param=decoder.block.15.layer.1.layer_norm.weight]
Loading weights:  41%|####      | 207/509 [00:00<00:00, 507.11it/s, Materializing param=decoder.block.15.layer.2.DenseReluDense.wi.weight]
Loading weights:  41%|####      | 207/509 [00:00<00:00, 507.11it/s, Materializing param=decoder.block.15.layer.2.DenseReluDense.wi.weight]
Loading weights:  41%|####      | 208/509 [00:00<00:00, 507.11it/s, Materializing param=decoder.block.15.layer.2.DenseReluDense.wo.weight]
Loading weights:  41%|####      | 208/509 [00:00<00:00, 507.11it/s, Materializing param=decoder.block.15.layer.2.DenseReluDense.wo.weight]
Loading weights:  41%|####1     | 209/509 [00:00<00:00, 507.11it/s, Materializing param=decoder.block.15.layer.2.layer_norm.weight]       
Loading weights:  41%|####1     | 209/509 [00:00<00:00, 507.11it/s, Materializing param=decoder.block.15.layer.2.layer_norm.weight]
Loading weights:  41%|####1     | 210/509 [00:00<00:00, 507.11it/s, Materializing param=decoder.block.16.layer.0.SelfAttention.k.weight]
Loading weights:  41%|####1     | 210/509 [00:00<00:00, 507.11it/s, Materializing param=decoder.block.16.layer.0.SelfAttention.k.weight]
Loading weights:  41%|####1     | 211/509 [00:00<00:00, 507.11it/s, Materializing param=decoder.block.16.layer.0.SelfAttention.o.weight]
Loading weights:  41%|####1     | 211/509 [00:00<00:00, 507.11it/s, Materializing param=decoder.block.16.layer.0.SelfAttention.o.weight]
Loading weights:  42%|####1     | 212/509 [00:00<00:00, 507.11it/s, Materializing param=decoder.block.16.layer.0.SelfAttention.q.weight]
Loading weights:  42%|####1     | 212/509 [00:00<00:00, 507.11it/s, Materializing param=decoder.block.16.layer.0.SelfAttention.q.weight]
Loading weights:  42%|####1     | 213/509 [00:00<00:00, 507.11it/s, Materializing param=decoder.block.16.layer.0.SelfAttention.v.weight]
Loading weights:  42%|####1     | 213/509 [00:00<00:00, 507.11it/s, Materializing param=decoder.block.16.layer.0.SelfAttention.v.weight]
Loading weights:  42%|####2     | 214/509 [00:00<00:00, 507.11it/s, Materializing param=decoder.block.16.layer.0.layer_norm.weight]     
Loading weights:  42%|####2     | 214/509 [00:00<00:00, 507.11it/s, Materializing param=decoder.block.16.layer.0.layer_norm.weight]
Loading weights:  42%|####2     | 215/509 [00:00<00:00, 507.11it/s, Materializing param=decoder.block.16.layer.1.EncDecAttention.k.weight]
Loading weights:  42%|####2     | 215/509 [00:00<00:00, 507.11it/s, Materializing param=decoder.block.16.layer.1.EncDecAttention.k.weight]
Loading weights:  42%|####2     | 216/509 [00:00<00:00, 507.11it/s, Materializing param=decoder.block.16.layer.1.EncDecAttention.o.weight]
Loading weights:  42%|####2     | 216/509 [00:00<00:00, 507.11it/s, Materializing param=decoder.block.16.layer.1.EncDecAttention.o.weight]
Loading weights:  43%|####2     | 217/509 [00:00<00:00, 507.11it/s, Materializing param=decoder.block.16.layer.1.EncDecAttention.q.weight]
Loading weights:  43%|####2     | 217/509 [00:00<00:00, 507.11it/s, Materializing param=decoder.block.16.layer.1.EncDecAttention.q.weight]
Loading weights:  43%|####2     | 218/509 [00:00<00:00, 507.11it/s, Materializing param=decoder.block.16.layer.1.EncDecAttention.v.weight]
Loading weights:  43%|####2     | 218/509 [00:00<00:00, 507.11it/s, Materializing param=decoder.block.16.layer.1.EncDecAttention.v.weight]
Loading weights:  43%|####3     | 219/509 [00:00<00:00, 507.11it/s, Materializing param=decoder.block.16.layer.1.layer_norm.weight]       
Loading weights:  43%|####3     | 219/509 [00:00<00:00, 507.11it/s, Materializing param=decoder.block.16.layer.1.layer_norm.weight]
Loading weights:  43%|####3     | 220/509 [00:00<00:00, 507.11it/s, Materializing param=decoder.block.16.layer.2.DenseReluDense.wi.weight]
Loading weights:  43%|####3     | 220/509 [00:00<00:00, 507.11it/s, Materializing param=decoder.block.16.layer.2.DenseReluDense.wi.weight]
Loading weights:  43%|####3     | 221/509 [00:00<00:00, 507.11it/s, Materializing param=decoder.block.16.layer.2.DenseReluDense.wo.weight]
Loading weights:  43%|####3     | 221/509 [00:00<00:00, 507.11it/s, Materializing param=decoder.block.16.layer.2.DenseReluDense.wo.weight]
Loading weights:  44%|####3     | 222/509 [00:00<00:00, 507.11it/s, Materializing param=decoder.block.16.layer.2.layer_norm.weight]       
Loading weights:  44%|####3     | 222/509 [00:00<00:00, 507.11it/s, Materializing param=decoder.block.16.layer.2.layer_norm.weight]
Loading weights:  44%|####3     | 223/509 [00:00<00:00, 507.11it/s, Materializing param=decoder.block.17.layer.0.SelfAttention.k.weight]
Loading weights:  44%|####3     | 223/509 [00:00<00:00, 507.11it/s, Materializing param=decoder.block.17.layer.0.SelfAttention.k.weight]
Loading weights:  44%|####4     | 224/509 [00:00<00:00, 507.11it/s, Materializing param=decoder.block.17.layer.0.SelfAttention.o.weight]
Loading weights:  44%|####4     | 224/509 [00:00<00:00, 507.11it/s, Materializing param=decoder.block.17.layer.0.SelfAttention.o.weight]
Loading weights:  44%|####4     | 225/509 [00:00<00:00, 507.11it/s, Materializing param=decoder.block.17.layer.0.SelfAttention.q.weight]
Loading weights:  44%|####4     | 225/509 [00:00<00:00, 507.11it/s, Materializing param=decoder.block.17.layer.0.SelfAttention.q.weight]
Loading weights:  44%|####4     | 226/509 [00:00<00:00, 507.11it/s, Materializing param=decoder.block.17.layer.0.SelfAttention.v.weight]
Loading weights:  44%|####4     | 226/509 [00:00<00:00, 507.11it/s, Materializing param=decoder.block.17.layer.0.SelfAttention.v.weight]
Loading weights:  45%|####4     | 227/509 [00:00<00:00, 507.11it/s, Materializing param=decoder.block.17.layer.0.layer_norm.weight]     
Loading weights:  45%|####4     | 227/509 [00:00<00:00, 507.11it/s, Materializing param=decoder.block.17.layer.0.layer_norm.weight]
Loading weights:  45%|####4     | 228/509 [00:00<00:00, 507.11it/s, Materializing param=decoder.block.17.layer.1.EncDecAttention.k.weight]
Loading weights:  45%|####4     | 228/509 [00:00<00:00, 507.11it/s, Materializing param=decoder.block.17.layer.1.EncDecAttention.k.weight]
Loading weights:  45%|####4     | 229/509 [00:00<00:00, 507.11it/s, Materializing param=decoder.block.17.layer.1.EncDecAttention.o.weight]
Loading weights:  45%|####4     | 229/509 [00:00<00:00, 507.11it/s, Materializing param=decoder.block.17.layer.1.EncDecAttention.o.weight]
Loading weights:  45%|####5     | 230/509 [00:00<00:00, 507.11it/s, Materializing param=decoder.block.17.layer.1.EncDecAttention.q.weight]
Loading weights:  45%|####5     | 230/509 [00:00<00:00, 507.11it/s, Materializing param=decoder.block.17.layer.1.EncDecAttention.q.weight]
Loading weights:  45%|####5     | 231/509 [00:00<00:00, 507.11it/s, Materializing param=decoder.block.17.layer.1.EncDecAttention.v.weight]
Loading weights:  45%|####5     | 231/509 [00:00<00:00, 507.11it/s, Materializing param=decoder.block.17.layer.1.EncDecAttention.v.weight]
Loading weights:  46%|####5     | 232/509 [00:00<00:00, 507.11it/s, Materializing param=decoder.block.17.layer.1.layer_norm.weight]       
Loading weights:  46%|####5     | 232/509 [00:00<00:00, 507.11it/s, Materializing param=decoder.block.17.layer.1.layer_norm.weight]
Loading weights:  46%|####5     | 233/509 [00:00<00:00, 507.11it/s, Materializing param=decoder.block.17.layer.2.DenseReluDense.wi.weight]
Loading weights:  46%|####5     | 233/509 [00:00<00:00, 507.11it/s, Materializing param=decoder.block.17.layer.2.DenseReluDense.wi.weight]
Loading weights:  46%|####5     | 234/509 [00:00<00:00, 507.11it/s, Materializing param=decoder.block.17.layer.2.DenseReluDense.wo.weight]
Loading weights:  46%|####5     | 234/509 [00:00<00:00, 507.11it/s, Materializing param=decoder.block.17.layer.2.DenseReluDense.wo.weight]
Loading weights:  46%|####6     | 235/509 [00:00<00:00, 507.11it/s, Materializing param=decoder.block.17.layer.2.layer_norm.weight]       
Loading weights:  46%|####6     | 235/509 [00:00<00:00, 507.11it/s, Materializing param=decoder.block.17.layer.2.layer_norm.weight]
Loading weights:  46%|####6     | 236/509 [00:00<00:00, 507.11it/s, Materializing param=decoder.block.18.layer.0.SelfAttention.k.weight]
Loading weights:  46%|####6     | 236/509 [00:00<00:00, 507.11it/s, Materializing param=decoder.block.18.layer.0.SelfAttention.k.weight]
Loading weights:  47%|####6     | 237/509 [00:00<00:00, 507.11it/s, Materializing param=decoder.block.18.layer.0.SelfAttention.o.weight]
Loading weights:  47%|####6     | 237/509 [00:00<00:00, 507.11it/s, Materializing param=decoder.block.18.layer.0.SelfAttention.o.weight]
Loading weights:  47%|####6     | 238/509 [00:00<00:00, 507.11it/s, Materializing param=decoder.block.18.layer.0.SelfAttention.q.weight]
Loading weights:  47%|####6     | 238/509 [00:00<00:00, 507.11it/s, Materializing param=decoder.block.18.layer.0.SelfAttention.q.weight]
Loading weights:  47%|####6     | 239/509 [00:00<00:00, 507.11it/s, Materializing param=decoder.block.18.layer.0.SelfAttention.v.weight]
Loading weights:  47%|####6     | 239/509 [00:00<00:00, 507.11it/s, Materializing param=decoder.block.18.layer.0.SelfAttention.v.weight]
Loading weights:  47%|####7     | 240/509 [00:00<00:00, 507.11it/s, Materializing param=decoder.block.18.layer.0.layer_norm.weight]     
Loading weights:  47%|####7     | 240/509 [00:00<00:00, 507.11it/s, Materializing param=decoder.block.18.layer.0.layer_norm.weight]
Loading weights:  47%|####7     | 241/509 [00:00<00:00, 507.11it/s, Materializing param=decoder.block.18.layer.1.EncDecAttention.k.weight]
Loading weights:  47%|####7     | 241/509 [00:00<00:00, 507.11it/s, Materializing param=decoder.block.18.layer.1.EncDecAttention.k.weight]
Loading weights:  48%|####7     | 242/509 [00:00<00:00, 507.11it/s, Materializing param=decoder.block.18.layer.1.EncDecAttention.o.weight]
Loading weights:  48%|####7     | 242/509 [00:00<00:00, 507.11it/s, Materializing param=decoder.block.18.layer.1.EncDecAttention.o.weight]
Loading weights:  48%|####7     | 243/509 [00:00<00:00, 507.11it/s, Materializing param=decoder.block.18.layer.1.EncDecAttention.q.weight]
Loading weights:  48%|####7     | 243/509 [00:00<00:00, 507.11it/s, Materializing param=decoder.block.18.layer.1.EncDecAttention.q.weight]
Loading weights:  48%|####7     | 244/509 [00:00<00:00, 507.11it/s, Materializing param=decoder.block.18.layer.1.EncDecAttention.v.weight]
Loading weights:  48%|####7     | 244/509 [00:00<00:00, 507.11it/s, Materializing param=decoder.block.18.layer.1.EncDecAttention.v.weight]
Loading weights:  48%|####8     | 245/509 [00:00<00:00, 507.11it/s, Materializing param=decoder.block.18.layer.1.layer_norm.weight]       
Loading weights:  48%|####8     | 245/509 [00:00<00:00, 507.11it/s, Materializing param=decoder.block.18.layer.1.layer_norm.weight]
Loading weights:  48%|####8     | 246/509 [00:00<00:00, 507.11it/s, Materializing param=decoder.block.18.layer.2.DenseReluDense.wi.weight]
Loading weights:  48%|####8     | 246/509 [00:00<00:00, 507.11it/s, Materializing param=decoder.block.18.layer.2.DenseReluDense.wi.weight]
Loading weights:  49%|####8     | 247/509 [00:00<00:00, 507.11it/s, Materializing param=decoder.block.18.layer.2.DenseReluDense.wo.weight]
Loading weights:  49%|####8     | 247/509 [00:00<00:00, 507.11it/s, Materializing param=decoder.block.18.layer.2.DenseReluDense.wo.weight]
Loading weights:  49%|####8     | 248/509 [00:00<00:00, 507.11it/s, Materializing param=decoder.block.18.layer.2.layer_norm.weight]       
Loading weights:  49%|####8     | 248/509 [00:00<00:00, 507.11it/s, Materializing param=decoder.block.18.layer.2.layer_norm.weight]
Loading weights:  49%|####8     | 249/509 [00:00<00:00, 507.11it/s, Materializing param=decoder.block.19.layer.0.SelfAttention.k.weight]
Loading weights:  49%|####8     | 249/509 [00:00<00:00, 507.11it/s, Materializing param=decoder.block.19.layer.0.SelfAttention.k.weight]
Loading weights:  49%|####9     | 250/509 [00:00<00:00, 507.11it/s, Materializing param=decoder.block.19.layer.0.SelfAttention.o.weight]
Loading weights:  49%|####9     | 250/509 [00:00<00:00, 507.11it/s, Materializing param=decoder.block.19.layer.0.SelfAttention.o.weight]
Loading weights:  49%|####9     | 251/509 [00:00<00:00, 507.11it/s, Materializing param=decoder.block.19.layer.0.SelfAttention.q.weight]
Loading weights:  49%|####9     | 251/509 [00:00<00:00, 507.11it/s, Materializing param=decoder.block.19.layer.0.SelfAttention.q.weight]
Loading weights:  50%|####9     | 252/509 [00:00<00:00, 507.11it/s, Materializing param=decoder.block.19.layer.0.SelfAttention.v.weight]
Loading weights:  50%|####9     | 252/509 [00:00<00:00, 507.11it/s, Materializing param=decoder.block.19.layer.0.SelfAttention.v.weight]
Loading weights:  50%|####9     | 253/509 [00:00<00:00, 507.11it/s, Materializing param=decoder.block.19.layer.0.layer_norm.weight]     
Loading weights:  50%|####9     | 253/509 [00:00<00:00, 507.11it/s, Materializing param=decoder.block.19.layer.0.layer_norm.weight]
Loading weights:  50%|####9     | 254/509 [00:00<00:00, 507.11it/s, Materializing param=decoder.block.19.layer.1.EncDecAttention.k.weight]
Loading weights:  50%|####9     | 254/509 [00:00<00:00, 507.11it/s, Materializing param=decoder.block.19.layer.1.EncDecAttention.k.weight]
Loading weights:  50%|#####     | 255/509 [00:00<00:00, 507.11it/s, Materializing param=decoder.block.19.layer.1.EncDecAttention.o.weight]
Loading weights:  50%|#####     | 255/509 [00:00<00:00, 507.11it/s, Materializing param=decoder.block.19.layer.1.EncDecAttention.o.weight]
Loading weights:  50%|#####     | 256/509 [00:00<00:00, 507.11it/s, Materializing param=decoder.block.19.layer.1.EncDecAttention.q.weight]
Loading weights:  50%|#####     | 256/509 [00:00<00:00, 507.11it/s, Materializing param=decoder.block.19.layer.1.EncDecAttention.q.weight]
Loading weights:  50%|#####     | 257/509 [00:00<00:00, 507.11it/s, Materializing param=decoder.block.19.layer.1.EncDecAttention.v.weight]
Loading weights:  50%|#####     | 257/509 [00:00<00:00, 507.11it/s, Materializing param=decoder.block.19.layer.1.EncDecAttention.v.weight]
Loading weights:  51%|#####     | 258/509 [00:00<00:00, 507.11it/s, Materializing param=decoder.block.19.layer.1.layer_norm.weight]       
Loading weights:  51%|#####     | 258/509 [00:00<00:00, 507.11it/s, Materializing param=decoder.block.19.layer.1.layer_norm.weight]
Loading weights:  51%|#####     | 259/509 [00:00<00:00, 507.11it/s, Materializing param=decoder.block.19.layer.2.DenseReluDense.wi.weight]
Loading weights:  51%|#####     | 259/509 [00:00<00:00, 507.11it/s, Materializing param=decoder.block.19.layer.2.DenseReluDense.wi.weight]
Loading weights:  51%|#####1    | 260/509 [00:00<00:00, 507.11it/s, Materializing param=decoder.block.19.layer.2.DenseReluDense.wo.weight]
Loading weights:  51%|#####1    | 260/509 [00:00<00:00, 507.11it/s, Materializing param=decoder.block.19.layer.2.DenseReluDense.wo.weight]
Loading weights:  51%|#####1    | 261/509 [00:00<00:00, 507.11it/s, Materializing param=decoder.block.19.layer.2.layer_norm.weight]       
Loading weights:  51%|#####1    | 261/509 [00:00<00:00, 507.11it/s, Materializing param=decoder.block.19.layer.2.layer_norm.weight]
Loading weights:  51%|#####1    | 262/509 [00:00<00:00, 507.11it/s, Materializing param=decoder.block.20.layer.0.SelfAttention.k.weight]
Loading weights:  51%|#####1    | 262/509 [00:00<00:00, 507.11it/s, Materializing param=decoder.block.20.layer.0.SelfAttention.k.weight]
Loading weights:  52%|#####1    | 263/509 [00:00<00:00, 507.11it/s, Materializing param=decoder.block.20.layer.0.SelfAttention.o.weight]
Loading weights:  52%|#####1    | 263/509 [00:00<00:00, 507.11it/s, Materializing param=decoder.block.20.layer.0.SelfAttention.o.weight]
Loading weights:  52%|#####1    | 264/509 [00:00<00:00, 507.11it/s, Materializing param=decoder.block.20.layer.0.SelfAttention.q.weight]
Loading weights:  52%|#####1    | 264/509 [00:00<00:00, 507.11it/s, Materializing param=decoder.block.20.layer.0.SelfAttention.q.weight]
Loading weights:  52%|#####2    | 265/509 [00:00<00:00, 507.11it/s, Materializing param=decoder.block.20.layer.0.SelfAttention.v.weight]
Loading weights:  52%|#####2    | 265/509 [00:00<00:00, 507.11it/s, Materializing param=decoder.block.20.layer.0.SelfAttention.v.weight]
Loading weights:  52%|#####2    | 266/509 [00:00<00:00, 507.11it/s, Materializing param=decoder.block.20.layer.0.layer_norm.weight]     
Loading weights:  52%|#####2    | 266/509 [00:00<00:00, 507.11it/s, Materializing param=decoder.block.20.layer.0.layer_norm.weight]
Loading weights:  52%|#####2    | 267/509 [00:00<00:00, 507.11it/s, Materializing param=decoder.block.20.layer.1.EncDecAttention.k.weight]
Loading weights:  52%|#####2    | 267/509 [00:00<00:00, 507.11it/s, Materializing param=decoder.block.20.layer.1.EncDecAttention.k.weight]
Loading weights:  53%|#####2    | 268/509 [00:00<00:00, 507.11it/s, Materializing param=decoder.block.20.layer.1.EncDecAttention.o.weight]
Loading weights:  53%|#####2    | 268/509 [00:00<00:00, 507.11it/s, Materializing param=decoder.block.20.layer.1.EncDecAttention.o.weight]
Loading weights:  53%|#####2    | 269/509 [00:00<00:00, 507.11it/s, Materializing param=decoder.block.20.layer.1.EncDecAttention.q.weight]
Loading weights:  53%|#####2    | 269/509 [00:00<00:00, 507.11it/s, Materializing param=decoder.block.20.layer.1.EncDecAttention.q.weight]
Loading weights:  53%|#####3    | 270/509 [00:00<00:00, 507.11it/s, Materializing param=decoder.block.20.layer.1.EncDecAttention.v.weight]
Loading weights:  53%|#####3    | 270/509 [00:00<00:00, 507.11it/s, Materializing param=decoder.block.20.layer.1.EncDecAttention.v.weight]
Loading weights:  53%|#####3    | 271/509 [00:00<00:00, 507.11it/s, Materializing param=decoder.block.20.layer.1.layer_norm.weight]       
Loading weights:  53%|#####3    | 271/509 [00:00<00:00, 507.11it/s, Materializing param=decoder.block.20.layer.1.layer_norm.weight]
Loading weights:  53%|#####3    | 272/509 [00:00<00:00, 507.11it/s, Materializing param=decoder.block.20.layer.2.DenseReluDense.wi.weight]
Loading weights:  53%|#####3    | 272/509 [00:00<00:00, 507.11it/s, Materializing param=decoder.block.20.layer.2.DenseReluDense.wi.weight]
Loading weights:  54%|#####3    | 273/509 [00:00<00:00, 507.11it/s, Materializing param=decoder.block.20.layer.2.DenseReluDense.wo.weight]
Loading weights:  54%|#####3    | 273/509 [00:00<00:00, 507.11it/s, Materializing param=decoder.block.20.layer.2.DenseReluDense.wo.weight]
Loading weights:  54%|#####3    | 274/509 [00:00<00:00, 507.11it/s, Materializing param=decoder.block.20.layer.2.layer_norm.weight]       
Loading weights:  54%|#####3    | 274/509 [00:00<00:00, 507.11it/s, Materializing param=decoder.block.20.layer.2.layer_norm.weight]
Loading weights:  54%|#####4    | 275/509 [00:00<00:00, 507.11it/s, Materializing param=decoder.block.21.layer.0.SelfAttention.k.weight]
Loading weights:  54%|#####4    | 275/509 [00:00<00:00, 507.11it/s, Materializing param=decoder.block.21.layer.0.SelfAttention.k.weight]
Loading weights:  54%|#####4    | 276/509 [00:00<00:00, 507.11it/s, Materializing param=decoder.block.21.layer.0.SelfAttention.o.weight]
Loading weights:  54%|#####4    | 276/509 [00:00<00:00, 507.11it/s, Materializing param=decoder.block.21.layer.0.SelfAttention.o.weight]
Loading weights:  54%|#####4    | 277/509 [00:00<00:00, 507.11it/s, Materializing param=decoder.block.21.layer.0.SelfAttention.q.weight]
Loading weights:  54%|#####4    | 277/509 [00:00<00:00, 507.11it/s, Materializing param=decoder.block.21.layer.0.SelfAttention.q.weight]
Loading weights:  55%|#####4    | 278/509 [00:00<00:00, 507.11it/s, Materializing param=decoder.block.21.layer.0.SelfAttention.v.weight]
Loading weights:  55%|#####4    | 278/509 [00:00<00:00, 507.11it/s, Materializing param=decoder.block.21.layer.0.SelfAttention.v.weight]
Loading weights:  55%|#####4    | 279/509 [00:00<00:00, 507.11it/s, Materializing param=decoder.block.21.layer.0.layer_norm.weight]     
Loading weights:  55%|#####4    | 279/509 [00:00<00:00, 507.11it/s, Materializing param=decoder.block.21.layer.0.layer_norm.weight]
Loading weights:  55%|#####5    | 280/509 [00:00<00:00, 507.11it/s, Materializing param=decoder.block.21.layer.1.EncDecAttention.k.weight]
Loading weights:  55%|#####5    | 280/509 [00:00<00:00, 507.11it/s, Materializing param=decoder.block.21.layer.1.EncDecAttention.k.weight]
Loading weights:  55%|#####5    | 281/509 [00:00<00:00, 507.11it/s, Materializing param=decoder.block.21.layer.1.EncDecAttention.o.weight]
Loading weights:  55%|#####5    | 281/509 [00:00<00:00, 507.11it/s, Materializing param=decoder.block.21.layer.1.EncDecAttention.o.weight]
Loading weights:  55%|#####5    | 282/509 [00:00<00:00, 507.11it/s, Materializing param=decoder.block.21.layer.1.EncDecAttention.q.weight]
Loading weights:  55%|#####5    | 282/509 [00:00<00:00, 507.11it/s, Materializing param=decoder.block.21.layer.1.EncDecAttention.q.weight]
Loading weights:  56%|#####5    | 283/509 [00:00<00:00, 507.11it/s, Materializing param=decoder.block.21.layer.1.EncDecAttention.v.weight]
Loading weights:  56%|#####5    | 283/509 [00:00<00:00, 507.11it/s, Materializing param=decoder.block.21.layer.1.EncDecAttention.v.weight]
Loading weights:  56%|#####5    | 284/509 [00:00<00:00, 507.11it/s, Materializing param=decoder.block.21.layer.1.layer_norm.weight]       
Loading weights:  56%|#####5    | 284/509 [00:00<00:00, 507.11it/s, Materializing param=decoder.block.21.layer.1.layer_norm.weight]
Loading weights:  56%|#####5    | 285/509 [00:00<00:00, 507.11it/s, Materializing param=decoder.block.21.layer.2.DenseReluDense.wi.weight]
Loading weights:  56%|#####5    | 285/509 [00:00<00:00, 507.11it/s, Materializing param=decoder.block.21.layer.2.DenseReluDense.wi.weight]
Loading weights:  56%|#####6    | 286/509 [00:00<00:00, 507.11it/s, Materializing param=decoder.block.21.layer.2.DenseReluDense.wo.weight]
Loading weights:  56%|#####6    | 286/509 [00:00<00:00, 507.11it/s, Materializing param=decoder.block.21.layer.2.DenseReluDense.wo.weight]
Loading weights:  56%|#####6    | 287/509 [00:00<00:00, 507.11it/s, Materializing param=decoder.block.21.layer.2.layer_norm.weight]       
Loading weights:  56%|#####6    | 287/509 [00:00<00:00, 507.11it/s, Materializing param=decoder.block.21.layer.2.layer_norm.weight]
Loading weights:  57%|#####6    | 288/509 [00:00<00:00, 507.11it/s, Materializing param=decoder.block.22.layer.0.SelfAttention.k.weight]
Loading weights:  57%|#####6    | 288/509 [00:00<00:00, 507.11it/s, Materializing param=decoder.block.22.layer.0.SelfAttention.k.weight]
Loading weights:  57%|#####6    | 289/509 [00:00<00:00, 507.11it/s, Materializing param=decoder.block.22.layer.0.SelfAttention.o.weight]
Loading weights:  57%|#####6    | 289/509 [00:00<00:00, 507.11it/s, Materializing param=decoder.block.22.layer.0.SelfAttention.o.weight]
Loading weights:  57%|#####6    | 290/509 [00:00<00:00, 507.11it/s, Materializing param=decoder.block.22.layer.0.SelfAttention.q.weight]
Loading weights:  57%|#####6    | 290/509 [00:00<00:00, 507.11it/s, Materializing param=decoder.block.22.layer.0.SelfAttention.q.weight]
Loading weights:  57%|#####7    | 291/509 [00:00<00:00, 507.11it/s, Materializing param=decoder.block.22.layer.0.SelfAttention.v.weight]
Loading weights:  57%|#####7    | 291/509 [00:00<00:00, 507.11it/s, Materializing param=decoder.block.22.layer.0.SelfAttention.v.weight]
Loading weights:  57%|#####7    | 292/509 [00:00<00:00, 507.11it/s, Materializing param=decoder.block.22.layer.0.layer_norm.weight]     
Loading weights:  57%|#####7    | 292/509 [00:00<00:00, 507.11it/s, Materializing param=decoder.block.22.layer.0.layer_norm.weight]
Loading weights:  58%|#####7    | 293/509 [00:00<00:00, 507.11it/s, Materializing param=decoder.block.22.layer.1.EncDecAttention.k.weight]
Loading weights:  58%|#####7    | 293/509 [00:00<00:00, 507.11it/s, Materializing param=decoder.block.22.layer.1.EncDecAttention.k.weight]
Loading weights:  58%|#####7    | 294/509 [00:00<00:00, 507.11it/s, Materializing param=decoder.block.22.layer.1.EncDecAttention.o.weight]
Loading weights:  58%|#####7    | 294/509 [00:00<00:00, 507.11it/s, Materializing param=decoder.block.22.layer.1.EncDecAttention.o.weight]
Loading weights:  58%|#####7    | 295/509 [00:00<00:00, 507.11it/s, Materializing param=decoder.block.22.layer.1.EncDecAttention.q.weight]
Loading weights:  58%|#####7    | 295/509 [00:00<00:00, 507.11it/s, Materializing param=decoder.block.22.layer.1.EncDecAttention.q.weight]
Loading weights:  58%|#####8    | 296/509 [00:00<00:00, 507.11it/s, Materializing param=decoder.block.22.layer.1.EncDecAttention.v.weight]
Loading weights:  58%|#####8    | 296/509 [00:00<00:00, 507.11it/s, Materializing param=decoder.block.22.layer.1.EncDecAttention.v.weight]
Loading weights:  58%|#####8    | 297/509 [00:00<00:00, 507.11it/s, Materializing param=decoder.block.22.layer.1.layer_norm.weight]       
Loading weights:  58%|#####8    | 297/509 [00:00<00:00, 507.11it/s, Materializing param=decoder.block.22.layer.1.layer_norm.weight]
Loading weights:  59%|#####8    | 298/509 [00:00<00:00, 507.11it/s, Materializing param=decoder.block.22.layer.2.DenseReluDense.wi.weight]
Loading weights:  59%|#####8    | 298/509 [00:00<00:00, 507.11it/s, Materializing param=decoder.block.22.layer.2.DenseReluDense.wi.weight]
Loading weights:  59%|#####8    | 299/509 [00:00<00:00, 507.11it/s, Materializing param=decoder.block.22.layer.2.DenseReluDense.wo.weight]
Loading weights:  59%|#####8    | 299/509 [00:00<00:00, 507.11it/s, Materializing param=decoder.block.22.layer.2.DenseReluDense.wo.weight]
Loading weights:  59%|#####8    | 300/509 [00:00<00:00, 507.11it/s, Materializing param=decoder.block.22.layer.2.layer_norm.weight]       
Loading weights:  59%|#####8    | 300/509 [00:00<00:00, 507.11it/s, Materializing param=decoder.block.22.layer.2.layer_norm.weight]
Loading weights:  59%|#####9    | 301/509 [00:00<00:00, 507.11it/s, Materializing param=decoder.block.23.layer.0.SelfAttention.k.weight]
Loading weights:  59%|#####9    | 301/509 [00:00<00:00, 507.11it/s, Materializing param=decoder.block.23.layer.0.SelfAttention.k.weight]
Loading weights:  59%|#####9    | 302/509 [00:00<00:00, 507.11it/s, Materializing param=decoder.block.23.layer.0.SelfAttention.o.weight]
Loading weights:  59%|#####9    | 302/509 [00:00<00:00, 507.11it/s, Materializing param=decoder.block.23.layer.0.SelfAttention.o.weight]
Loading weights:  60%|#####9    | 303/509 [00:00<00:00, 507.11it/s, Materializing param=decoder.block.23.layer.0.SelfAttention.q.weight]
Loading weights:  60%|#####9    | 303/509 [00:00<00:00, 507.11it/s, Materializing param=decoder.block.23.layer.0.SelfAttention.q.weight]
Loading weights:  60%|#####9    | 304/509 [00:00<00:00, 507.11it/s, Materializing param=decoder.block.23.layer.0.SelfAttention.v.weight]
Loading weights:  60%|#####9    | 304/509 [00:00<00:00, 507.11it/s, Materializing param=decoder.block.23.layer.0.SelfAttention.v.weight]
Loading weights:  60%|#####9    | 305/509 [00:00<00:00, 507.11it/s, Materializing param=decoder.block.23.layer.0.layer_norm.weight]     
Loading weights:  60%|#####9    | 305/509 [00:00<00:00, 507.11it/s, Materializing param=decoder.block.23.layer.0.layer_norm.weight]
Loading weights:  60%|######    | 306/509 [00:00<00:00, 507.11it/s, Materializing param=decoder.block.23.layer.1.EncDecAttention.k.weight]
Loading weights:  60%|######    | 306/509 [00:00<00:00, 507.11it/s, Materializing param=decoder.block.23.layer.1.EncDecAttention.k.weight]
Loading weights:  60%|######    | 307/509 [00:00<00:00, 507.11it/s, Materializing param=decoder.block.23.layer.1.EncDecAttention.o.weight]
Loading weights:  60%|######    | 307/509 [00:00<00:00, 507.11it/s, Materializing param=decoder.block.23.layer.1.EncDecAttention.o.weight]
Loading weights:  61%|######    | 308/509 [00:00<00:00, 507.11it/s, Materializing param=decoder.block.23.layer.1.EncDecAttention.q.weight]
Loading weights:  61%|######    | 308/509 [00:00<00:00, 507.11it/s, Materializing param=decoder.block.23.layer.1.EncDecAttention.q.weight]
Loading weights:  61%|######    | 309/509 [00:00<00:00, 507.11it/s, Materializing param=decoder.block.23.layer.1.EncDecAttention.v.weight]
Loading weights:  61%|######    | 309/509 [00:00<00:00, 507.11it/s, Materializing param=decoder.block.23.layer.1.EncDecAttention.v.weight]
Loading weights:  61%|######    | 310/509 [00:00<00:00, 507.11it/s, Materializing param=decoder.block.23.layer.1.layer_norm.weight]       
Loading weights:  61%|######    | 310/509 [00:00<00:00, 507.11it/s, Materializing param=decoder.block.23.layer.1.layer_norm.weight]
Loading weights:  61%|######1   | 311/509 [00:00<00:00, 507.11it/s, Materializing param=decoder.block.23.layer.2.DenseReluDense.wi.weight]
Loading weights:  61%|######1   | 311/509 [00:00<00:00, 507.11it/s, Materializing param=decoder.block.23.layer.2.DenseReluDense.wi.weight]
Loading weights:  61%|######1   | 312/509 [00:00<00:00, 507.11it/s, Materializing param=decoder.block.23.layer.2.DenseReluDense.wo.weight]
Loading weights:  61%|######1   | 312/509 [00:00<00:00, 507.11it/s, Materializing param=decoder.block.23.layer.2.DenseReluDense.wo.weight]
Loading weights:  61%|######1   | 313/509 [00:00<00:00, 507.11it/s, Materializing param=decoder.block.23.layer.2.layer_norm.weight]       
Loading weights:  61%|######1   | 313/509 [00:00<00:00, 507.11it/s, Materializing param=decoder.block.23.layer.2.layer_norm.weight]
Loading weights:  62%|######1   | 314/509 [00:00<00:00, 507.11it/s, Materializing param=decoder.final_layer_norm.weight]           
Loading weights:  62%|######1   | 314/509 [00:00<00:00, 507.11it/s, Materializing param=decoder.final_layer_norm.weight]
Loading weights:  62%|######1   | 315/509 [00:00<00:00, 507.11it/s, Materializing param=encoder.block.0.layer.0.SelfAttention.k.weight]
Loading weights:  62%|######1   | 315/509 [00:00<00:00, 507.11it/s, Materializing param=encoder.block.0.layer.0.SelfAttention.k.weight]
Loading weights:  62%|######2   | 316/509 [00:00<00:00, 507.11it/s, Materializing param=encoder.block.0.layer.0.SelfAttention.o.weight]
Loading weights:  62%|######2   | 316/509 [00:00<00:00, 507.11it/s, Materializing param=encoder.block.0.layer.0.SelfAttention.o.weight]
Loading weights:  62%|######2   | 317/509 [00:00<00:00, 507.11it/s, Materializing param=encoder.block.0.layer.0.SelfAttention.q.weight]
Loading weights:  62%|######2   | 317/509 [00:00<00:00, 507.11it/s, Materializing param=encoder.block.0.layer.0.SelfAttention.q.weight]
Loading weights:  62%|######2   | 318/509 [00:00<00:00, 507.11it/s, Materializing param=encoder.block.0.layer.0.SelfAttention.relative_attention_bias.weight]
Loading weights:  62%|######2   | 318/509 [00:00<00:00, 507.11it/s, Materializing param=encoder.block.0.layer.0.SelfAttention.relative_attention_bias.weight]
Loading weights:  63%|######2   | 319/509 [00:00<00:00, 507.11it/s, Materializing param=encoder.block.0.layer.0.SelfAttention.v.weight]                      
Loading weights:  63%|######2   | 319/509 [00:00<00:00, 507.11it/s, Materializing param=encoder.block.0.layer.0.SelfAttention.v.weight]
Loading weights:  63%|######2   | 320/509 [00:00<00:00, 507.11it/s, Materializing param=encoder.block.0.layer.0.layer_norm.weight]     
Loading weights:  63%|######2   | 320/509 [00:00<00:00, 507.11it/s, Materializing param=encoder.block.0.layer.0.layer_norm.weight]
Loading weights:  63%|######3   | 321/509 [00:00<00:00, 507.11it/s, Materializing param=encoder.block.0.layer.1.DenseReluDense.wi.weight]
Loading weights:  63%|######3   | 321/509 [00:00<00:00, 507.11it/s, Materializing param=encoder.block.0.layer.1.DenseReluDense.wi.weight]
Loading weights:  63%|######3   | 322/509 [00:00<00:00, 507.11it/s, Materializing param=encoder.block.0.layer.1.DenseReluDense.wo.weight]
Loading weights:  63%|######3   | 322/509 [00:00<00:00, 507.11it/s, Materializing param=encoder.block.0.layer.1.DenseReluDense.wo.weight]
Loading weights:  63%|######3   | 323/509 [00:00<00:00, 507.11it/s, Materializing param=encoder.block.0.layer.1.layer_norm.weight]       
Loading weights:  63%|######3   | 323/509 [00:00<00:00, 507.11it/s, Materializing param=encoder.block.0.layer.1.layer_norm.weight]
Loading weights:  64%|######3   | 324/509 [00:00<00:00, 507.11it/s, Materializing param=encoder.block.1.layer.0.SelfAttention.k.weight]
Loading weights:  64%|######3   | 324/509 [00:00<00:00, 507.11it/s, Materializing param=encoder.block.1.layer.0.SelfAttention.k.weight]
Loading weights:  64%|######3   | 325/509 [00:00<00:00, 507.11it/s, Materializing param=encoder.block.1.layer.0.SelfAttention.o.weight]
Loading weights:  64%|######3   | 325/509 [00:00<00:00, 507.11it/s, Materializing param=encoder.block.1.layer.0.SelfAttention.o.weight]
Loading weights:  64%|######4   | 326/509 [00:00<00:00, 507.11it/s, Materializing param=encoder.block.1.layer.0.SelfAttention.q.weight]
Loading weights:  64%|######4   | 326/509 [00:00<00:00, 507.11it/s, Materializing param=encoder.block.1.layer.0.SelfAttention.q.weight]
Loading weights:  64%|######4   | 327/509 [00:00<00:00, 507.11it/s, Materializing param=encoder.block.1.layer.0.SelfAttention.v.weight]
Loading weights:  64%|######4   | 327/509 [00:00<00:00, 507.11it/s, Materializing param=encoder.block.1.layer.0.SelfAttention.v.weight]
Loading weights:  64%|######4   | 328/509 [00:00<00:00, 507.11it/s, Materializing param=encoder.block.1.layer.0.layer_norm.weight]     
Loading weights:  64%|######4   | 328/509 [00:00<00:00, 507.11it/s, Materializing param=encoder.block.1.layer.0.layer_norm.weight]
Loading weights:  65%|######4   | 329/509 [00:00<00:00, 507.11it/s, Materializing param=encoder.block.1.layer.1.DenseReluDense.wi.weight]
Loading weights:  65%|######4   | 329/509 [00:00<00:00, 507.11it/s, Materializing param=encoder.block.1.layer.1.DenseReluDense.wi.weight]
Loading weights:  65%|######4   | 330/509 [00:00<00:00, 507.11it/s, Materializing param=encoder.block.1.layer.1.DenseReluDense.wo.weight]
Loading weights:  65%|######4   | 330/509 [00:00<00:00, 507.11it/s, Materializing param=encoder.block.1.layer.1.DenseReluDense.wo.weight]
Loading weights:  65%|######5   | 331/509 [00:00<00:00, 507.11it/s, Materializing param=encoder.block.1.layer.1.layer_norm.weight]       
Loading weights:  65%|######5   | 331/509 [00:00<00:00, 507.11it/s, Materializing param=encoder.block.1.layer.1.layer_norm.weight]
Loading weights:  65%|######5   | 332/509 [00:00<00:00, 507.11it/s, Materializing param=encoder.block.2.layer.0.SelfAttention.k.weight]
Loading weights:  65%|######5   | 332/509 [00:00<00:00, 507.11it/s, Materializing param=encoder.block.2.layer.0.SelfAttention.k.weight]
Loading weights:  65%|######5   | 333/509 [00:00<00:00, 507.11it/s, Materializing param=encoder.block.2.layer.0.SelfAttention.o.weight]
Loading weights:  65%|######5   | 333/509 [00:00<00:00, 507.11it/s, Materializing param=encoder.block.2.layer.0.SelfAttention.o.weight]
Loading weights:  66%|######5   | 334/509 [00:00<00:00, 507.11it/s, Materializing param=encoder.block.2.layer.0.SelfAttention.q.weight]
Loading weights:  66%|######5   | 334/509 [00:00<00:00, 507.11it/s, Materializing param=encoder.block.2.layer.0.SelfAttention.q.weight]
Loading weights:  66%|######5   | 335/509 [00:00<00:00, 507.11it/s, Materializing param=encoder.block.2.layer.0.SelfAttention.v.weight]
Loading weights:  66%|######5   | 335/509 [00:00<00:00, 507.11it/s, Materializing param=encoder.block.2.layer.0.SelfAttention.v.weight]
Loading weights:  66%|######6   | 336/509 [00:00<00:00, 507.11it/s, Materializing param=encoder.block.2.layer.0.layer_norm.weight]     
Loading weights:  66%|######6   | 336/509 [00:00<00:00, 507.11it/s, Materializing param=encoder.block.2.layer.0.layer_norm.weight]
Loading weights:  66%|######6   | 337/509 [00:00<00:00, 507.11it/s, Materializing param=encoder.block.2.layer.1.DenseReluDense.wi.weight]
Loading weights:  66%|######6   | 337/509 [00:00<00:00, 507.11it/s, Materializing param=encoder.block.2.layer.1.DenseReluDense.wi.weight]
Loading weights:  66%|######6   | 338/509 [00:00<00:00, 507.11it/s, Materializing param=encoder.block.2.layer.1.DenseReluDense.wo.weight]
Loading weights:  66%|######6   | 338/509 [00:00<00:00, 507.11it/s, Materializing param=encoder.block.2.layer.1.DenseReluDense.wo.weight]
Loading weights:  67%|######6   | 339/509 [00:00<00:00, 507.11it/s, Materializing param=encoder.block.2.layer.1.layer_norm.weight]       
Loading weights:  67%|######6   | 339/509 [00:00<00:00, 507.11it/s, Materializing param=encoder.block.2.layer.1.layer_norm.weight]
Loading weights:  67%|######6   | 340/509 [00:00<00:00, 507.11it/s, Materializing param=encoder.block.3.layer.0.SelfAttention.k.weight]
Loading weights:  67%|######6   | 340/509 [00:00<00:00, 507.11it/s, Materializing param=encoder.block.3.layer.0.SelfAttention.k.weight]
Loading weights:  67%|######6   | 341/509 [00:00<00:00, 507.11it/s, Materializing param=encoder.block.3.layer.0.SelfAttention.o.weight]
Loading weights:  67%|######6   | 341/509 [00:00<00:00, 507.11it/s, Materializing param=encoder.block.3.layer.0.SelfAttention.o.weight]
Loading weights:  67%|######7   | 342/509 [00:00<00:00, 507.11it/s, Materializing param=encoder.block.3.layer.0.SelfAttention.q.weight]
Loading weights:  67%|######7   | 342/509 [00:00<00:00, 507.11it/s, Materializing param=encoder.block.3.layer.0.SelfAttention.q.weight]
Loading weights:  67%|######7   | 343/509 [00:00<00:00, 507.11it/s, Materializing param=encoder.block.3.layer.0.SelfAttention.v.weight]
Loading weights:  67%|######7   | 343/509 [00:00<00:00, 507.11it/s, Materializing param=encoder.block.3.layer.0.SelfAttention.v.weight]
Loading weights:  68%|######7   | 344/509 [00:00<00:00, 507.11it/s, Materializing param=encoder.block.3.layer.0.layer_norm.weight]     
Loading weights:  68%|######7   | 344/509 [00:00<00:00, 507.11it/s, Materializing param=encoder.block.3.layer.0.layer_norm.weight]
Loading weights:  68%|######7   | 345/509 [00:00<00:00, 507.11it/s, Materializing param=encoder.block.3.layer.1.DenseReluDense.wi.weight]
Loading weights:  68%|######7   | 345/509 [00:00<00:00, 507.11it/s, Materializing param=encoder.block.3.layer.1.DenseReluDense.wi.weight]
Loading weights:  68%|######7   | 346/509 [00:00<00:00, 507.11it/s, Materializing param=encoder.block.3.layer.1.DenseReluDense.wo.weight]
Loading weights:  68%|######7   | 346/509 [00:00<00:00, 507.11it/s, Materializing param=encoder.block.3.layer.1.DenseReluDense.wo.weight]
Loading weights:  68%|######8   | 347/509 [00:00<00:00, 507.11it/s, Materializing param=encoder.block.3.layer.1.layer_norm.weight]       
Loading weights:  68%|######8   | 347/509 [00:00<00:00, 507.11it/s, Materializing param=encoder.block.3.layer.1.layer_norm.weight]
Loading weights:  68%|######8   | 348/509 [00:00<00:00, 507.11it/s, Materializing param=encoder.block.4.layer.0.SelfAttention.k.weight]
Loading weights:  68%|######8   | 348/509 [00:00<00:00, 507.11it/s, Materializing param=encoder.block.4.layer.0.SelfAttention.k.weight]
Loading weights:  69%|######8   | 349/509 [00:00<00:00, 507.11it/s, Materializing param=encoder.block.4.layer.0.SelfAttention.o.weight]
Loading weights:  69%|######8   | 349/509 [00:00<00:00, 507.11it/s, Materializing param=encoder.block.4.layer.0.SelfAttention.o.weight]
Loading weights:  69%|######8   | 350/509 [00:00<00:00, 507.11it/s, Materializing param=encoder.block.4.layer.0.SelfAttention.q.weight]
Loading weights:  69%|######8   | 350/509 [00:00<00:00, 507.11it/s, Materializing param=encoder.block.4.layer.0.SelfAttention.q.weight]
Loading weights:  69%|######8   | 351/509 [00:00<00:00, 507.11it/s, Materializing param=encoder.block.4.layer.0.SelfAttention.v.weight]
Loading weights:  69%|######8   | 351/509 [00:00<00:00, 507.11it/s, Materializing param=encoder.block.4.layer.0.SelfAttention.v.weight]
Loading weights:  69%|######9   | 352/509 [00:00<00:00, 507.11it/s, Materializing param=encoder.block.4.layer.0.layer_norm.weight]     
Loading weights:  69%|######9   | 352/509 [00:00<00:00, 507.11it/s, Materializing param=encoder.block.4.layer.0.layer_norm.weight]
Loading weights:  69%|######9   | 353/509 [00:00<00:00, 507.11it/s, Materializing param=encoder.block.4.layer.1.DenseReluDense.wi.weight]
Loading weights:  69%|######9   | 353/509 [00:00<00:00, 507.11it/s, Materializing param=encoder.block.4.layer.1.DenseReluDense.wi.weight]
Loading weights:  70%|######9   | 354/509 [00:00<00:00, 507.11it/s, Materializing param=encoder.block.4.layer.1.DenseReluDense.wo.weight]
Loading weights:  70%|######9   | 354/509 [00:00<00:00, 507.11it/s, Materializing param=encoder.block.4.layer.1.DenseReluDense.wo.weight]
Loading weights:  70%|######9   | 355/509 [00:00<00:00, 507.11it/s, Materializing param=encoder.block.4.layer.1.layer_norm.weight]       
Loading weights:  70%|######9   | 355/509 [00:00<00:00, 507.11it/s, Materializing param=encoder.block.4.layer.1.layer_norm.weight]
Loading weights:  70%|######9   | 356/509 [00:00<00:00, 507.11it/s, Materializing param=encoder.block.5.layer.0.SelfAttention.k.weight]
Loading weights:  70%|######9   | 356/509 [00:00<00:00, 507.11it/s, Materializing param=encoder.block.5.layer.0.SelfAttention.k.weight]
Loading weights:  70%|#######   | 357/509 [00:00<00:00, 507.11it/s, Materializing param=encoder.block.5.layer.0.SelfAttention.o.weight]
Loading weights:  70%|#######   | 357/509 [00:00<00:00, 507.11it/s, Materializing param=encoder.block.5.layer.0.SelfAttention.o.weight]
Loading weights:  70%|#######   | 358/509 [00:00<00:00, 507.11it/s, Materializing param=encoder.block.5.layer.0.SelfAttention.q.weight]
Loading weights:  70%|#######   | 358/509 [00:00<00:00, 507.11it/s, Materializing param=encoder.block.5.layer.0.SelfAttention.q.weight]
Loading weights:  71%|#######   | 359/509 [00:00<00:00, 507.11it/s, Materializing param=encoder.block.5.layer.0.SelfAttention.v.weight]
Loading weights:  71%|#######   | 359/509 [00:00<00:00, 507.11it/s, Materializing param=encoder.block.5.layer.0.SelfAttention.v.weight]
Loading weights:  71%|#######   | 360/509 [00:00<00:00, 507.11it/s, Materializing param=encoder.block.5.layer.0.layer_norm.weight]     
Loading weights:  71%|#######   | 360/509 [00:00<00:00, 507.11it/s, Materializing param=encoder.block.5.layer.0.layer_norm.weight]
Loading weights:  71%|#######   | 361/509 [00:00<00:00, 507.11it/s, Materializing param=encoder.block.5.layer.1.DenseReluDense.wi.weight]
Loading weights:  71%|#######   | 361/509 [00:00<00:00, 507.11it/s, Materializing param=encoder.block.5.layer.1.DenseReluDense.wi.weight]
Loading weights:  71%|#######1  | 362/509 [00:00<00:00, 507.11it/s, Materializing param=encoder.block.5.layer.1.DenseReluDense.wo.weight]
Loading weights:  71%|#######1  | 362/509 [00:00<00:00, 507.11it/s, Materializing param=encoder.block.5.layer.1.DenseReluDense.wo.weight]
Loading weights:  71%|#######1  | 363/509 [00:00<00:00, 507.11it/s, Materializing param=encoder.block.5.layer.1.layer_norm.weight]       
Loading weights:  71%|#######1  | 363/509 [00:00<00:00, 507.11it/s, Materializing param=encoder.block.5.layer.1.layer_norm.weight]
Loading weights:  72%|#######1  | 364/509 [00:00<00:00, 507.11it/s, Materializing param=encoder.block.6.layer.0.SelfAttention.k.weight]
Loading weights:  72%|#######1  | 364/509 [00:00<00:00, 507.11it/s, Materializing param=encoder.block.6.layer.0.SelfAttention.k.weight]
Loading weights:  72%|#######1  | 365/509 [00:00<00:00, 507.11it/s, Materializing param=encoder.block.6.layer.0.SelfAttention.o.weight]
Loading weights:  72%|#######1  | 365/509 [00:00<00:00, 507.11it/s, Materializing param=encoder.block.6.layer.0.SelfAttention.o.weight]
Loading weights:  72%|#######1  | 366/509 [00:00<00:00, 507.11it/s, Materializing param=encoder.block.6.layer.0.SelfAttention.q.weight]
Loading weights:  72%|#######1  | 366/509 [00:00<00:00, 507.11it/s, Materializing param=encoder.block.6.layer.0.SelfAttention.q.weight]
Loading weights:  72%|#######2  | 367/509 [00:00<00:00, 507.11it/s, Materializing param=encoder.block.6.layer.0.SelfAttention.v.weight]
Loading weights:  72%|#######2  | 367/509 [00:00<00:00, 507.11it/s, Materializing param=encoder.block.6.layer.0.SelfAttention.v.weight]
Loading weights:  72%|#######2  | 368/509 [00:00<00:00, 507.11it/s, Materializing param=encoder.block.6.layer.0.layer_norm.weight]     
Loading weights:  72%|#######2  | 368/509 [00:00<00:00, 507.11it/s, Materializing param=encoder.block.6.layer.0.layer_norm.weight]
Loading weights:  72%|#######2  | 369/509 [00:00<00:00, 507.11it/s, Materializing param=encoder.block.6.layer.1.DenseReluDense.wi.weight]
Loading weights:  72%|#######2  | 369/509 [00:00<00:00, 507.11it/s, Materializing param=encoder.block.6.layer.1.DenseReluDense.wi.weight]
Loading weights:  73%|#######2  | 370/509 [00:00<00:00, 507.11it/s, Materializing param=encoder.block.6.layer.1.DenseReluDense.wo.weight]
Loading weights:  73%|#######2  | 370/509 [00:00<00:00, 507.11it/s, Materializing param=encoder.block.6.layer.1.DenseReluDense.wo.weight]
Loading weights:  73%|#######2  | 371/509 [00:00<00:00, 507.11it/s, Materializing param=encoder.block.6.layer.1.layer_norm.weight]       
Loading weights:  73%|#######2  | 371/509 [00:00<00:00, 507.11it/s, Materializing param=encoder.block.6.layer.1.layer_norm.weight]
Loading weights:  73%|#######3  | 372/509 [00:00<00:00, 507.11it/s, Materializing param=encoder.block.7.layer.0.SelfAttention.k.weight]
Loading weights:  73%|#######3  | 372/509 [00:00<00:00, 507.11it/s, Materializing param=encoder.block.7.layer.0.SelfAttention.k.weight]
Loading weights:  73%|#######3  | 373/509 [00:00<00:00, 507.11it/s, Materializing param=encoder.block.7.layer.0.SelfAttention.o.weight]
Loading weights:  73%|#######3  | 373/509 [00:00<00:00, 507.11it/s, Materializing param=encoder.block.7.layer.0.SelfAttention.o.weight]
Loading weights:  73%|#######3  | 374/509 [00:00<00:00, 507.11it/s, Materializing param=encoder.block.7.layer.0.SelfAttention.q.weight]
Loading weights:  73%|#######3  | 374/509 [00:00<00:00, 507.11it/s, Materializing param=encoder.block.7.layer.0.SelfAttention.q.weight]
Loading weights:  74%|#######3  | 375/509 [00:00<00:00, 507.11it/s, Materializing param=encoder.block.7.layer.0.SelfAttention.v.weight]
Loading weights:  74%|#######3  | 375/509 [00:00<00:00, 507.11it/s, Materializing param=encoder.block.7.layer.0.SelfAttention.v.weight]
Loading weights:  74%|#######3  | 376/509 [00:00<00:00, 507.11it/s, Materializing param=encoder.block.7.layer.0.layer_norm.weight]     
Loading weights:  74%|#######3  | 376/509 [00:00<00:00, 507.11it/s, Materializing param=encoder.block.7.layer.0.layer_norm.weight]
Loading weights:  74%|#######4  | 377/509 [00:00<00:00, 507.11it/s, Materializing param=encoder.block.7.layer.1.DenseReluDense.wi.weight]
Loading weights:  74%|#######4  | 377/509 [00:00<00:00, 507.11it/s, Materializing param=encoder.block.7.layer.1.DenseReluDense.wi.weight]
Loading weights:  74%|#######4  | 378/509 [00:00<00:00, 507.11it/s, Materializing param=encoder.block.7.layer.1.DenseReluDense.wo.weight]
Loading weights:  74%|#######4  | 378/509 [00:00<00:00, 507.11it/s, Materializing param=encoder.block.7.layer.1.DenseReluDense.wo.weight]
Loading weights:  74%|#######4  | 379/509 [00:00<00:00, 507.11it/s, Materializing param=encoder.block.7.layer.1.layer_norm.weight]       
Loading weights:  74%|#######4  | 379/509 [00:00<00:00, 507.11it/s, Materializing param=encoder.block.7.layer.1.layer_norm.weight]
Loading weights:  75%|#######4  | 380/509 [00:00<00:00, 507.11it/s, Materializing param=encoder.block.8.layer.0.SelfAttention.k.weight]
Loading weights:  75%|#######4  | 380/509 [00:00<00:00, 507.11it/s, Materializing param=encoder.block.8.layer.0.SelfAttention.k.weight]
Loading weights:  75%|#######4  | 381/509 [00:00<00:00, 507.11it/s, Materializing param=encoder.block.8.layer.0.SelfAttention.o.weight]
Loading weights:  75%|#######4  | 381/509 [00:00<00:00, 507.11it/s, Materializing param=encoder.block.8.layer.0.SelfAttention.o.weight]
Loading weights:  75%|#######5  | 382/509 [00:00<00:00, 507.11it/s, Materializing param=encoder.block.8.layer.0.SelfAttention.q.weight]
Loading weights:  75%|#######5  | 382/509 [00:00<00:00, 507.11it/s, Materializing param=encoder.block.8.layer.0.SelfAttention.q.weight]
Loading weights:  75%|#######5  | 383/509 [00:00<00:00, 507.11it/s, Materializing param=encoder.block.8.layer.0.SelfAttention.v.weight]
Loading weights:  75%|#######5  | 383/509 [00:00<00:00, 507.11it/s, Materializing param=encoder.block.8.layer.0.SelfAttention.v.weight]
Loading weights:  75%|#######5  | 384/509 [00:00<00:00, 507.11it/s, Materializing param=encoder.block.8.layer.0.layer_norm.weight]     
Loading weights:  75%|#######5  | 384/509 [00:00<00:00, 507.11it/s, Materializing param=encoder.block.8.layer.0.layer_norm.weight]
Loading weights:  76%|#######5  | 385/509 [00:00<00:00, 507.11it/s, Materializing param=encoder.block.8.layer.1.DenseReluDense.wi.weight]
Loading weights:  76%|#######5  | 385/509 [00:00<00:00, 507.11it/s, Materializing param=encoder.block.8.layer.1.DenseReluDense.wi.weight]
Loading weights:  76%|#######5  | 386/509 [00:00<00:00, 507.11it/s, Materializing param=encoder.block.8.layer.1.DenseReluDense.wo.weight]
Loading weights:  76%|#######5  | 386/509 [00:00<00:00, 507.11it/s, Materializing param=encoder.block.8.layer.1.DenseReluDense.wo.weight]
Loading weights:  76%|#######6  | 387/509 [00:00<00:00, 507.11it/s, Materializing param=encoder.block.8.layer.1.layer_norm.weight]       
Loading weights:  76%|#######6  | 387/509 [00:00<00:00, 507.11it/s, Materializing param=encoder.block.8.layer.1.layer_norm.weight]
Loading weights:  76%|#######6  | 388/509 [00:00<00:00, 507.11it/s, Materializing param=encoder.block.9.layer.0.SelfAttention.k.weight]
Loading weights:  76%|#######6  | 388/509 [00:00<00:00, 507.11it/s, Materializing param=encoder.block.9.layer.0.SelfAttention.k.weight]
Loading weights:  76%|#######6  | 389/509 [00:00<00:00, 507.11it/s, Materializing param=encoder.block.9.layer.0.SelfAttention.o.weight]
Loading weights:  76%|#######6  | 389/509 [00:00<00:00, 507.11it/s, Materializing param=encoder.block.9.layer.0.SelfAttention.o.weight]
Loading weights:  77%|#######6  | 390/509 [00:00<00:00, 507.11it/s, Materializing param=encoder.block.9.layer.0.SelfAttention.q.weight]
Loading weights:  77%|#######6  | 390/509 [00:00<00:00, 507.11it/s, Materializing param=encoder.block.9.layer.0.SelfAttention.q.weight]
Loading weights:  77%|#######6  | 391/509 [00:00<00:00, 507.11it/s, Materializing param=encoder.block.9.layer.0.SelfAttention.v.weight]
Loading weights:  77%|#######6  | 391/509 [00:00<00:00, 507.11it/s, Materializing param=encoder.block.9.layer.0.SelfAttention.v.weight]
Loading weights:  77%|#######7  | 392/509 [00:00<00:00, 507.11it/s, Materializing param=encoder.block.9.layer.0.layer_norm.weight]     
Loading weights:  77%|#######7  | 392/509 [00:00<00:00, 507.11it/s, Materializing param=encoder.block.9.layer.0.layer_norm.weight]
Loading weights:  77%|#######7  | 393/509 [00:00<00:00, 507.11it/s, Materializing param=encoder.block.9.layer.1.DenseReluDense.wi.weight]
Loading weights:  77%|#######7  | 393/509 [00:00<00:00, 507.11it/s, Materializing param=encoder.block.9.layer.1.DenseReluDense.wi.weight]
Loading weights:  77%|#######7  | 394/509 [00:00<00:00, 507.11it/s, Materializing param=encoder.block.9.layer.1.DenseReluDense.wo.weight]
Loading weights:  77%|#######7  | 394/509 [00:00<00:00, 507.11it/s, Materializing param=encoder.block.9.layer.1.DenseReluDense.wo.weight]
Loading weights:  78%|#######7  | 395/509 [00:00<00:00, 507.11it/s, Materializing param=encoder.block.9.layer.1.layer_norm.weight]       
Loading weights:  78%|#######7  | 395/509 [00:00<00:00, 507.11it/s, Materializing param=encoder.block.9.layer.1.layer_norm.weight]
Loading weights:  78%|#######7  | 396/509 [00:00<00:00, 507.11it/s, Materializing param=encoder.block.10.layer.0.SelfAttention.k.weight]
Loading weights:  78%|#######7  | 396/509 [00:00<00:00, 507.11it/s, Materializing param=encoder.block.10.layer.0.SelfAttention.k.weight]
Loading weights:  78%|#######7  | 397/509 [00:00<00:00, 507.11it/s, Materializing param=encoder.block.10.layer.0.SelfAttention.o.weight]
Loading weights:  78%|#######7  | 397/509 [00:00<00:00, 507.11it/s, Materializing param=encoder.block.10.layer.0.SelfAttention.o.weight]
Loading weights:  78%|#######8  | 398/509 [00:00<00:00, 507.11it/s, Materializing param=encoder.block.10.layer.0.SelfAttention.q.weight]
Loading weights:  78%|#######8  | 398/509 [00:00<00:00, 507.11it/s, Materializing param=encoder.block.10.layer.0.SelfAttention.q.weight]
Loading weights:  78%|#######8  | 399/509 [00:00<00:00, 507.11it/s, Materializing param=encoder.block.10.layer.0.SelfAttention.v.weight]
Loading weights:  78%|#######8  | 399/509 [00:00<00:00, 507.11it/s, Materializing param=encoder.block.10.layer.0.SelfAttention.v.weight]
Loading weights:  79%|#######8  | 400/509 [00:00<00:00, 507.11it/s, Materializing param=encoder.block.10.layer.0.layer_norm.weight]     
Loading weights:  79%|#######8  | 400/509 [00:00<00:00, 507.11it/s, Materializing param=encoder.block.10.layer.0.layer_norm.weight]
Loading weights:  79%|#######8  | 401/509 [00:00<00:00, 507.11it/s, Materializing param=encoder.block.10.layer.1.DenseReluDense.wi.weight]
Loading weights:  79%|#######8  | 401/509 [00:00<00:00, 507.11it/s, Materializing param=encoder.block.10.layer.1.DenseReluDense.wi.weight]
Loading weights:  79%|#######8  | 402/509 [00:00<00:00, 507.11it/s, Materializing param=encoder.block.10.layer.1.DenseReluDense.wo.weight]
Loading weights:  79%|#######8  | 402/509 [00:00<00:00, 507.11it/s, Materializing param=encoder.block.10.layer.1.DenseReluDense.wo.weight]
Loading weights:  79%|#######9  | 403/509 [00:00<00:00, 507.11it/s, Materializing param=encoder.block.10.layer.1.layer_norm.weight]       
Loading weights:  79%|#######9  | 403/509 [00:00<00:00, 507.11it/s, Materializing param=encoder.block.10.layer.1.layer_norm.weight]
Loading weights:  79%|#######9  | 404/509 [00:00<00:00, 507.11it/s, Materializing param=encoder.block.11.layer.0.SelfAttention.k.weight]
Loading weights:  79%|#######9  | 404/509 [00:00<00:00, 507.11it/s, Materializing param=encoder.block.11.layer.0.SelfAttention.k.weight]
Loading weights:  80%|#######9  | 405/509 [00:00<00:00, 507.11it/s, Materializing param=encoder.block.11.layer.0.SelfAttention.o.weight]
Loading weights:  80%|#######9  | 405/509 [00:00<00:00, 507.11it/s, Materializing param=encoder.block.11.layer.0.SelfAttention.o.weight]
Loading weights:  80%|#######9  | 406/509 [00:00<00:00, 507.11it/s, Materializing param=encoder.block.11.layer.0.SelfAttention.q.weight]
Loading weights:  80%|#######9  | 406/509 [00:00<00:00, 507.11it/s, Materializing param=encoder.block.11.layer.0.SelfAttention.q.weight]
Loading weights:  80%|#######9  | 407/509 [00:00<00:00, 507.11it/s, Materializing param=encoder.block.11.layer.0.SelfAttention.v.weight]
Loading weights:  80%|#######9  | 407/509 [00:00<00:00, 507.11it/s, Materializing param=encoder.block.11.layer.0.SelfAttention.v.weight]
Loading weights:  80%|########  | 408/509 [00:00<00:00, 507.11it/s, Materializing param=encoder.block.11.layer.0.layer_norm.weight]     
Loading weights:  80%|########  | 408/509 [00:00<00:00, 507.11it/s, Materializing param=encoder.block.11.layer.0.layer_norm.weight]
Loading weights:  80%|########  | 409/509 [00:00<00:00, 507.11it/s, Materializing param=encoder.block.11.layer.1.DenseReluDense.wi.weight]
Loading weights:  80%|########  | 409/509 [00:00<00:00, 507.11it/s, Materializing param=encoder.block.11.layer.1.DenseReluDense.wi.weight]
Loading weights:  81%|########  | 410/509 [00:00<00:00, 507.11it/s, Materializing param=encoder.block.11.layer.1.DenseReluDense.wo.weight]
Loading weights:  81%|########  | 410/509 [00:00<00:00, 507.11it/s, Materializing param=encoder.block.11.layer.1.DenseReluDense.wo.weight]
Loading weights:  81%|########  | 411/509 [00:00<00:00, 507.11it/s, Materializing param=encoder.block.11.layer.1.layer_norm.weight]       
Loading weights:  81%|########  | 411/509 [00:00<00:00, 507.11it/s, Materializing param=encoder.block.11.layer.1.layer_norm.weight]
Loading weights:  81%|########  | 412/509 [00:00<00:00, 507.11it/s, Materializing param=encoder.block.12.layer.0.SelfAttention.k.weight]
Loading weights:  81%|########  | 412/509 [00:00<00:00, 507.11it/s, Materializing param=encoder.block.12.layer.0.SelfAttention.k.weight]
Loading weights:  81%|########1 | 413/509 [00:00<00:00, 507.11it/s, Materializing param=encoder.block.12.layer.0.SelfAttention.o.weight]
Loading weights:  81%|########1 | 413/509 [00:00<00:00, 507.11it/s, Materializing param=encoder.block.12.layer.0.SelfAttention.o.weight]
Loading weights:  81%|########1 | 414/509 [00:00<00:00, 507.11it/s, Materializing param=encoder.block.12.layer.0.SelfAttention.q.weight]
Loading weights:  81%|########1 | 414/509 [00:00<00:00, 507.11it/s, Materializing param=encoder.block.12.layer.0.SelfAttention.q.weight]
Loading weights:  82%|########1 | 415/509 [00:00<00:00, 507.11it/s, Materializing param=encoder.block.12.layer.0.SelfAttention.v.weight]
Loading weights:  82%|########1 | 415/509 [00:00<00:00, 507.11it/s, Materializing param=encoder.block.12.layer.0.SelfAttention.v.weight]
Loading weights:  82%|########1 | 416/509 [00:00<00:00, 507.11it/s, Materializing param=encoder.block.12.layer.0.layer_norm.weight]     
Loading weights:  82%|########1 | 416/509 [00:00<00:00, 507.11it/s, Materializing param=encoder.block.12.layer.0.layer_norm.weight]
Loading weights:  82%|########1 | 417/509 [00:00<00:00, 507.11it/s, Materializing param=encoder.block.12.layer.1.DenseReluDense.wi.weight]
Loading weights:  82%|########1 | 417/509 [00:00<00:00, 507.11it/s, Materializing param=encoder.block.12.layer.1.DenseReluDense.wi.weight]
Loading weights:  82%|########2 | 418/509 [00:00<00:00, 507.11it/s, Materializing param=encoder.block.12.layer.1.DenseReluDense.wo.weight]
Loading weights:  82%|########2 | 418/509 [00:00<00:00, 507.11it/s, Materializing param=encoder.block.12.layer.1.DenseReluDense.wo.weight]
Loading weights:  82%|########2 | 419/509 [00:00<00:00, 507.11it/s, Materializing param=encoder.block.12.layer.1.layer_norm.weight]       
Loading weights:  82%|########2 | 419/509 [00:00<00:00, 507.11it/s, Materializing param=encoder.block.12.layer.1.layer_norm.weight]
Loading weights:  83%|########2 | 420/509 [00:00<00:00, 507.11it/s, Materializing param=encoder.block.13.layer.0.SelfAttention.k.weight]
Loading weights:  83%|########2 | 420/509 [00:00<00:00, 507.11it/s, Materializing param=encoder.block.13.layer.0.SelfAttention.k.weight]
Loading weights:  83%|########2 | 421/509 [00:00<00:00, 507.11it/s, Materializing param=encoder.block.13.layer.0.SelfAttention.o.weight]
Loading weights:  83%|########2 | 421/509 [00:00<00:00, 507.11it/s, Materializing param=encoder.block.13.layer.0.SelfAttention.o.weight]
Loading weights:  83%|########2 | 422/509 [00:00<00:00, 507.11it/s, Materializing param=encoder.block.13.layer.0.SelfAttention.q.weight]
Loading weights:  83%|########2 | 422/509 [00:00<00:00, 507.11it/s, Materializing param=encoder.block.13.layer.0.SelfAttention.q.weight]
Loading weights:  83%|########3 | 423/509 [00:00<00:00, 507.11it/s, Materializing param=encoder.block.13.layer.0.SelfAttention.v.weight]
Loading weights:  83%|########3 | 423/509 [00:00<00:00, 507.11it/s, Materializing param=encoder.block.13.layer.0.SelfAttention.v.weight]
Loading weights:  83%|########3 | 424/509 [00:00<00:00, 507.11it/s, Materializing param=encoder.block.13.layer.0.layer_norm.weight]     
Loading weights:  83%|########3 | 424/509 [00:00<00:00, 507.11it/s, Materializing param=encoder.block.13.layer.0.layer_norm.weight]
Loading weights:  83%|########3 | 425/509 [00:00<00:00, 507.11it/s, Materializing param=encoder.block.13.layer.1.DenseReluDense.wi.weight]
Loading weights:  83%|########3 | 425/509 [00:00<00:00, 507.11it/s, Materializing param=encoder.block.13.layer.1.DenseReluDense.wi.weight]
Loading weights:  84%|########3 | 426/509 [00:00<00:00, 507.11it/s, Materializing param=encoder.block.13.layer.1.DenseReluDense.wo.weight]
Loading weights:  84%|########3 | 426/509 [00:00<00:00, 507.11it/s, Materializing param=encoder.block.13.layer.1.DenseReluDense.wo.weight]
Loading weights:  84%|########3 | 427/509 [00:00<00:00, 507.11it/s, Materializing param=encoder.block.13.layer.1.layer_norm.weight]       
Loading weights:  84%|########3 | 427/509 [00:00<00:00, 507.11it/s, Materializing param=encoder.block.13.layer.1.layer_norm.weight]
Loading weights:  84%|########4 | 428/509 [00:00<00:00, 507.11it/s, Materializing param=encoder.block.14.layer.0.SelfAttention.k.weight]
Loading weights:  84%|########4 | 428/509 [00:00<00:00, 507.11it/s, Materializing param=encoder.block.14.layer.0.SelfAttention.k.weight]
Loading weights:  84%|########4 | 429/509 [00:00<00:00, 507.11it/s, Materializing param=encoder.block.14.layer.0.SelfAttention.o.weight]
Loading weights:  84%|########4 | 429/509 [00:00<00:00, 507.11it/s, Materializing param=encoder.block.14.layer.0.SelfAttention.o.weight]
Loading weights:  84%|########4 | 430/509 [00:00<00:00, 507.11it/s, Materializing param=encoder.block.14.layer.0.SelfAttention.q.weight]
Loading weights:  84%|########4 | 430/509 [00:00<00:00, 507.11it/s, Materializing param=encoder.block.14.layer.0.SelfAttention.q.weight]
Loading weights:  85%|########4 | 431/509 [00:00<00:00, 507.11it/s, Materializing param=encoder.block.14.layer.0.SelfAttention.v.weight]
Loading weights:  85%|########4 | 431/509 [00:00<00:00, 507.11it/s, Materializing param=encoder.block.14.layer.0.SelfAttention.v.weight]
Loading weights:  85%|########4 | 432/509 [00:00<00:00, 507.11it/s, Materializing param=encoder.block.14.layer.0.layer_norm.weight]     
Loading weights:  85%|########4 | 432/509 [00:00<00:00, 507.11it/s, Materializing param=encoder.block.14.layer.0.layer_norm.weight]
Loading weights:  85%|########5 | 433/509 [00:00<00:00, 507.11it/s, Materializing param=encoder.block.14.layer.1.DenseReluDense.wi.weight]
Loading weights:  85%|########5 | 433/509 [00:00<00:00, 507.11it/s, Materializing param=encoder.block.14.layer.1.DenseReluDense.wi.weight]
Loading weights:  85%|########5 | 434/509 [00:00<00:00, 507.11it/s, Materializing param=encoder.block.14.layer.1.DenseReluDense.wo.weight]
Loading weights:  85%|########5 | 434/509 [00:00<00:00, 507.11it/s, Materializing param=encoder.block.14.layer.1.DenseReluDense.wo.weight]
Loading weights:  85%|########5 | 435/509 [00:00<00:00, 507.11it/s, Materializing param=encoder.block.14.layer.1.layer_norm.weight]       
Loading weights:  85%|########5 | 435/509 [00:00<00:00, 507.11it/s, Materializing param=encoder.block.14.layer.1.layer_norm.weight]
Loading weights:  86%|########5 | 436/509 [00:00<00:00, 507.11it/s, Materializing param=encoder.block.15.layer.0.SelfAttention.k.weight]
Loading weights:  86%|########5 | 436/509 [00:00<00:00, 507.11it/s, Materializing param=encoder.block.15.layer.0.SelfAttention.k.weight]
Loading weights:  86%|########5 | 437/509 [00:00<00:00, 507.11it/s, Materializing param=encoder.block.15.layer.0.SelfAttention.o.weight]
Loading weights:  86%|########5 | 437/509 [00:00<00:00, 507.11it/s, Materializing param=encoder.block.15.layer.0.SelfAttention.o.weight]
Loading weights:  86%|########6 | 438/509 [00:00<00:00, 507.11it/s, Materializing param=encoder.block.15.layer.0.SelfAttention.q.weight]
Loading weights:  86%|########6 | 438/509 [00:00<00:00, 507.11it/s, Materializing param=encoder.block.15.layer.0.SelfAttention.q.weight]
Loading weights:  86%|########6 | 439/509 [00:00<00:00, 507.11it/s, Materializing param=encoder.block.15.layer.0.SelfAttention.v.weight]
Loading weights:  86%|########6 | 439/509 [00:00<00:00, 507.11it/s, Materializing param=encoder.block.15.layer.0.SelfAttention.v.weight]
Loading weights:  86%|########6 | 440/509 [00:00<00:00, 507.11it/s, Materializing param=encoder.block.15.layer.0.layer_norm.weight]     
Loading weights:  86%|########6 | 440/509 [00:00<00:00, 507.11it/s, Materializing param=encoder.block.15.layer.0.layer_norm.weight]
Loading weights:  87%|########6 | 441/509 [00:00<00:00, 507.11it/s, Materializing param=encoder.block.15.layer.1.DenseReluDense.wi.weight]
Loading weights:  87%|########6 | 441/509 [00:00<00:00, 507.11it/s, Materializing param=encoder.block.15.layer.1.DenseReluDense.wi.weight]
Loading weights:  87%|########6 | 442/509 [00:00<00:00, 507.11it/s, Materializing param=encoder.block.15.layer.1.DenseReluDense.wo.weight]
Loading weights:  87%|########6 | 442/509 [00:00<00:00, 507.11it/s, Materializing param=encoder.block.15.layer.1.DenseReluDense.wo.weight]
Loading weights:  87%|########7 | 443/509 [00:00<00:00, 507.11it/s, Materializing param=encoder.block.15.layer.1.layer_norm.weight]       
Loading weights:  87%|########7 | 443/509 [00:00<00:00, 507.11it/s, Materializing param=encoder.block.15.layer.1.layer_norm.weight]
Loading weights:  87%|########7 | 444/509 [00:00<00:00, 507.11it/s, Materializing param=encoder.block.16.layer.0.SelfAttention.k.weight]
Loading weights:  87%|########7 | 444/509 [00:00<00:00, 507.11it/s, Materializing param=encoder.block.16.layer.0.SelfAttention.k.weight]
Loading weights:  87%|########7 | 445/509 [00:00<00:00, 507.11it/s, Materializing param=encoder.block.16.layer.0.SelfAttention.o.weight]
Loading weights:  87%|########7 | 445/509 [00:00<00:00, 507.11it/s, Materializing param=encoder.block.16.layer.0.SelfAttention.o.weight]
Loading weights:  88%|########7 | 446/509 [00:00<00:00, 507.11it/s, Materializing param=encoder.block.16.layer.0.SelfAttention.q.weight]
Loading weights:  88%|########7 | 446/509 [00:00<00:00, 507.11it/s, Materializing param=encoder.block.16.layer.0.SelfAttention.q.weight]
Loading weights:  88%|########7 | 447/509 [00:00<00:00, 507.11it/s, Materializing param=encoder.block.16.layer.0.SelfAttention.v.weight]
Loading weights:  88%|########7 | 447/509 [00:00<00:00, 507.11it/s, Materializing param=encoder.block.16.layer.0.SelfAttention.v.weight]
Loading weights:  88%|########8 | 448/509 [00:00<00:00, 507.11it/s, Materializing param=encoder.block.16.layer.0.layer_norm.weight]     
Loading weights:  88%|########8 | 448/509 [00:00<00:00, 507.11it/s, Materializing param=encoder.block.16.layer.0.layer_norm.weight]
Loading weights:  88%|########8 | 449/509 [00:00<00:00, 507.11it/s, Materializing param=encoder.block.16.layer.1.DenseReluDense.wi.weight]
Loading weights:  88%|########8 | 449/509 [00:00<00:00, 507.11it/s, Materializing param=encoder.block.16.layer.1.DenseReluDense.wi.weight]
Loading weights:  88%|########8 | 450/509 [00:00<00:00, 507.11it/s, Materializing param=encoder.block.16.layer.1.DenseReluDense.wo.weight]
Loading weights:  88%|########8 | 450/509 [00:00<00:00, 507.11it/s, Materializing param=encoder.block.16.layer.1.DenseReluDense.wo.weight]
Loading weights:  89%|########8 | 451/509 [00:00<00:00, 507.11it/s, Materializing param=encoder.block.16.layer.1.layer_norm.weight]       
Loading weights:  89%|########8 | 451/509 [00:00<00:00, 507.11it/s, Materializing param=encoder.block.16.layer.1.layer_norm.weight]
Loading weights:  89%|########8 | 452/509 [00:00<00:00, 507.11it/s, Materializing param=encoder.block.17.layer.0.SelfAttention.k.weight]
Loading weights:  89%|########8 | 452/509 [00:00<00:00, 507.11it/s, Materializing param=encoder.block.17.layer.0.SelfAttention.k.weight]
Loading weights:  89%|########8 | 453/509 [00:00<00:00, 507.11it/s, Materializing param=encoder.block.17.layer.0.SelfAttention.o.weight]
Loading weights:  89%|########8 | 453/509 [00:00<00:00, 507.11it/s, Materializing param=encoder.block.17.layer.0.SelfAttention.o.weight]
Loading weights:  89%|########9 | 454/509 [00:00<00:00, 507.11it/s, Materializing param=encoder.block.17.layer.0.SelfAttention.q.weight]
Loading weights:  89%|########9 | 454/509 [00:00<00:00, 507.11it/s, Materializing param=encoder.block.17.layer.0.SelfAttention.q.weight]
Loading weights:  89%|########9 | 455/509 [00:00<00:00, 507.11it/s, Materializing param=encoder.block.17.layer.0.SelfAttention.v.weight]
Loading weights:  89%|########9 | 455/509 [00:00<00:00, 507.11it/s, Materializing param=encoder.block.17.layer.0.SelfAttention.v.weight]
Loading weights:  90%|########9 | 456/509 [00:00<00:00, 507.11it/s, Materializing param=encoder.block.17.layer.0.layer_norm.weight]     
Loading weights:  90%|########9 | 456/509 [00:00<00:00, 507.11it/s, Materializing param=encoder.block.17.layer.0.layer_norm.weight]
Loading weights:  90%|########9 | 457/509 [00:00<00:00, 507.11it/s, Materializing param=encoder.block.17.layer.1.DenseReluDense.wi.weight]
Loading weights:  90%|########9 | 457/509 [00:00<00:00, 507.11it/s, Materializing param=encoder.block.17.layer.1.DenseReluDense.wi.weight]
Loading weights:  90%|########9 | 458/509 [00:00<00:00, 507.11it/s, Materializing param=encoder.block.17.layer.1.DenseReluDense.wo.weight]
Loading weights:  90%|########9 | 458/509 [00:00<00:00, 507.11it/s, Materializing param=encoder.block.17.layer.1.DenseReluDense.wo.weight]
Loading weights:  90%|######### | 459/509 [00:00<00:00, 507.11it/s, Materializing param=encoder.block.17.layer.1.layer_norm.weight]       
Loading weights:  90%|######### | 459/509 [00:00<00:00, 507.11it/s, Materializing param=encoder.block.17.layer.1.layer_norm.weight]
Loading weights:  90%|######### | 460/509 [00:00<00:00, 507.11it/s, Materializing param=encoder.block.18.layer.0.SelfAttention.k.weight]
Loading weights:  90%|######### | 460/509 [00:00<00:00, 507.11it/s, Materializing param=encoder.block.18.layer.0.SelfAttention.k.weight]
Loading weights:  91%|######### | 461/509 [00:00<00:00, 507.11it/s, Materializing param=encoder.block.18.layer.0.SelfAttention.o.weight]
Loading weights:  91%|######### | 461/509 [00:00<00:00, 507.11it/s, Materializing param=encoder.block.18.layer.0.SelfAttention.o.weight]
Loading weights:  91%|######### | 462/509 [00:00<00:00, 507.11it/s, Materializing param=encoder.block.18.layer.0.SelfAttention.q.weight]
Loading weights:  91%|######### | 462/509 [00:00<00:00, 507.11it/s, Materializing param=encoder.block.18.layer.0.SelfAttention.q.weight]
Loading weights:  91%|######### | 463/509 [00:00<00:00, 507.11it/s, Materializing param=encoder.block.18.layer.0.SelfAttention.v.weight]
Loading weights:  91%|######### | 463/509 [00:00<00:00, 507.11it/s, Materializing param=encoder.block.18.layer.0.SelfAttention.v.weight]
Loading weights:  91%|#########1| 464/509 [00:00<00:00, 507.11it/s, Materializing param=encoder.block.18.layer.0.layer_norm.weight]     
Loading weights:  91%|#########1| 464/509 [00:00<00:00, 507.11it/s, Materializing param=encoder.block.18.layer.0.layer_norm.weight]
Loading weights:  91%|#########1| 465/509 [00:00<00:00, 507.11it/s, Materializing param=encoder.block.18.layer.1.DenseReluDense.wi.weight]
Loading weights:  91%|#########1| 465/509 [00:00<00:00, 507.11it/s, Materializing param=encoder.block.18.layer.1.DenseReluDense.wi.weight]
Loading weights:  92%|#########1| 466/509 [00:00<00:00, 507.11it/s, Materializing param=encoder.block.18.layer.1.DenseReluDense.wo.weight]
Loading weights:  92%|#########1| 466/509 [00:00<00:00, 507.11it/s, Materializing param=encoder.block.18.layer.1.DenseReluDense.wo.weight]
Loading weights:  92%|#########1| 467/509 [00:00<00:00, 507.11it/s, Materializing param=encoder.block.18.layer.1.layer_norm.weight]       
Loading weights:  92%|#########1| 467/509 [00:00<00:00, 507.11it/s, Materializing param=encoder.block.18.layer.1.layer_norm.weight]
Loading weights:  92%|#########1| 468/509 [00:00<00:00, 507.11it/s, Materializing param=encoder.block.19.layer.0.SelfAttention.k.weight]
Loading weights:  92%|#########1| 468/509 [00:00<00:00, 507.11it/s, Materializing param=encoder.block.19.layer.0.SelfAttention.k.weight]
Loading weights:  92%|#########2| 469/509 [00:00<00:00, 507.11it/s, Materializing param=encoder.block.19.layer.0.SelfAttention.o.weight]
Loading weights:  92%|#########2| 469/509 [00:00<00:00, 507.11it/s, Materializing param=encoder.block.19.layer.0.SelfAttention.o.weight]
Loading weights:  92%|#########2| 470/509 [00:00<00:00, 507.11it/s, Materializing param=encoder.block.19.layer.0.SelfAttention.q.weight]
Loading weights:  92%|#########2| 470/509 [00:00<00:00, 507.11it/s, Materializing param=encoder.block.19.layer.0.SelfAttention.q.weight]
Loading weights:  93%|#########2| 471/509 [00:00<00:00, 507.11it/s, Materializing param=encoder.block.19.layer.0.SelfAttention.v.weight]
Loading weights:  93%|#########2| 471/509 [00:00<00:00, 507.11it/s, Materializing param=encoder.block.19.layer.0.SelfAttention.v.weight]
Loading weights:  93%|#########2| 472/509 [00:00<00:00, 507.11it/s, Materializing param=encoder.block.19.layer.0.layer_norm.weight]     
Loading weights:  93%|#########2| 472/509 [00:00<00:00, 507.11it/s, Materializing param=encoder.block.19.layer.0.layer_norm.weight]
Loading weights:  93%|#########2| 473/509 [00:00<00:00, 507.11it/s, Materializing param=encoder.block.19.layer.1.DenseReluDense.wi.weight]
Loading weights:  93%|#########2| 473/509 [00:00<00:00, 507.11it/s, Materializing param=encoder.block.19.layer.1.DenseReluDense.wi.weight]
Loading weights:  93%|#########3| 474/509 [00:00<00:00, 507.11it/s, Materializing param=encoder.block.19.layer.1.DenseReluDense.wo.weight]
Loading weights:  93%|#########3| 474/509 [00:00<00:00, 507.11it/s, Materializing param=encoder.block.19.layer.1.DenseReluDense.wo.weight]
Loading weights:  93%|#########3| 475/509 [00:00<00:00, 507.11it/s, Materializing param=encoder.block.19.layer.1.layer_norm.weight]       
Loading weights:  93%|#########3| 475/509 [00:00<00:00, 507.11it/s, Materializing param=encoder.block.19.layer.1.layer_norm.weight]
Loading weights:  94%|#########3| 476/509 [00:00<00:00, 507.11it/s, Materializing param=encoder.block.20.layer.0.SelfAttention.k.weight]
Loading weights:  94%|#########3| 476/509 [00:00<00:00, 507.11it/s, Materializing param=encoder.block.20.layer.0.SelfAttention.k.weight]
Loading weights:  94%|#########3| 477/509 [00:00<00:00, 507.11it/s, Materializing param=encoder.block.20.layer.0.SelfAttention.o.weight]
Loading weights:  94%|#########3| 477/509 [00:00<00:00, 507.11it/s, Materializing param=encoder.block.20.layer.0.SelfAttention.o.weight]
Loading weights:  94%|#########3| 478/509 [00:00<00:00, 507.11it/s, Materializing param=encoder.block.20.layer.0.SelfAttention.q.weight]
Loading weights:  94%|#########3| 478/509 [00:00<00:00, 507.11it/s, Materializing param=encoder.block.20.layer.0.SelfAttention.q.weight]
Loading weights:  94%|#########4| 479/509 [00:00<00:00, 507.11it/s, Materializing param=encoder.block.20.layer.0.SelfAttention.v.weight]
Loading weights:  94%|#########4| 479/509 [00:00<00:00, 507.11it/s, Materializing param=encoder.block.20.layer.0.SelfAttention.v.weight]
Loading weights:  94%|#########4| 480/509 [00:00<00:00, 507.11it/s, Materializing param=encoder.block.20.layer.0.layer_norm.weight]     
Loading weights:  94%|#########4| 480/509 [00:00<00:00, 507.11it/s, Materializing param=encoder.block.20.layer.0.layer_norm.weight]
Loading weights:  94%|#########4| 481/509 [00:00<00:00, 507.11it/s, Materializing param=encoder.block.20.layer.1.DenseReluDense.wi.weight]
Loading weights:  94%|#########4| 481/509 [00:00<00:00, 507.11it/s, Materializing param=encoder.block.20.layer.1.DenseReluDense.wi.weight]
Loading weights:  95%|#########4| 482/509 [00:00<00:00, 507.11it/s, Materializing param=encoder.block.20.layer.1.DenseReluDense.wo.weight]
Loading weights:  95%|#########4| 482/509 [00:00<00:00, 507.11it/s, Materializing param=encoder.block.20.layer.1.DenseReluDense.wo.weight]
Loading weights:  95%|#########4| 483/509 [00:00<00:00, 507.11it/s, Materializing param=encoder.block.20.layer.1.layer_norm.weight]       
Loading weights:  95%|#########4| 483/509 [00:00<00:00, 507.11it/s, Materializing param=encoder.block.20.layer.1.layer_norm.weight]
Loading weights:  95%|#########5| 484/509 [00:00<00:00, 507.11it/s, Materializing param=encoder.block.21.layer.0.SelfAttention.k.weight]
Loading weights:  95%|#########5| 484/509 [00:00<00:00, 507.11it/s, Materializing param=encoder.block.21.layer.0.SelfAttention.k.weight]
Loading weights:  95%|#########5| 485/509 [00:00<00:00, 507.11it/s, Materializing param=encoder.block.21.layer.0.SelfAttention.o.weight]
Loading weights:  95%|#########5| 485/509 [00:00<00:00, 507.11it/s, Materializing param=encoder.block.21.layer.0.SelfAttention.o.weight]
Loading weights:  95%|#########5| 486/509 [00:00<00:00, 507.11it/s, Materializing param=encoder.block.21.layer.0.SelfAttention.q.weight]
Loading weights:  95%|#########5| 486/509 [00:00<00:00, 507.11it/s, Materializing param=encoder.block.21.layer.0.SelfAttention.q.weight]
Loading weights:  96%|#########5| 487/509 [00:00<00:00, 507.11it/s, Materializing param=encoder.block.21.layer.0.SelfAttention.v.weight]
Loading weights:  96%|#########5| 487/509 [00:00<00:00, 507.11it/s, Materializing param=encoder.block.21.layer.0.SelfAttention.v.weight]
Loading weights:  96%|#########5| 488/509 [00:00<00:00, 507.11it/s, Materializing param=encoder.block.21.layer.0.layer_norm.weight]     
Loading weights:  96%|#########5| 488/509 [00:00<00:00, 507.11it/s, Materializing param=encoder.block.21.layer.0.layer_norm.weight]
Loading weights:  96%|#########6| 489/509 [00:00<00:00, 507.11it/s, Materializing param=encoder.block.21.layer.1.DenseReluDense.wi.weight]
Loading weights:  96%|#########6| 489/509 [00:00<00:00, 507.11it/s, Materializing param=encoder.block.21.layer.1.DenseReluDense.wi.weight]
Loading weights:  96%|#########6| 490/509 [00:00<00:00, 507.11it/s, Materializing param=encoder.block.21.layer.1.DenseReluDense.wo.weight]
Loading weights:  96%|#########6| 490/509 [00:00<00:00, 507.11it/s, Materializing param=encoder.block.21.layer.1.DenseReluDense.wo.weight]
Loading weights:  96%|#########6| 491/509 [00:00<00:00, 507.11it/s, Materializing param=encoder.block.21.layer.1.layer_norm.weight]       
Loading weights:  96%|#########6| 491/509 [00:00<00:00, 507.11it/s, Materializing param=encoder.block.21.layer.1.layer_norm.weight]
Loading weights:  97%|#########6| 492/509 [00:00<00:00, 507.11it/s, Materializing param=encoder.block.22.layer.0.SelfAttention.k.weight]
Loading weights:  97%|#########6| 492/509 [00:00<00:00, 507.11it/s, Materializing param=encoder.block.22.layer.0.SelfAttention.k.weight]
Loading weights:  97%|#########6| 493/509 [00:00<00:00, 507.11it/s, Materializing param=encoder.block.22.layer.0.SelfAttention.o.weight]
Loading weights:  97%|#########6| 493/509 [00:00<00:00, 507.11it/s, Materializing param=encoder.block.22.layer.0.SelfAttention.o.weight]
Loading weights:  97%|#########7| 494/509 [00:00<00:00, 507.11it/s, Materializing param=encoder.block.22.layer.0.SelfAttention.q.weight]
Loading weights:  97%|#########7| 494/509 [00:00<00:00, 507.11it/s, Materializing param=encoder.block.22.layer.0.SelfAttention.q.weight]
Loading weights:  97%|#########7| 495/509 [00:00<00:00, 507.11it/s, Materializing param=encoder.block.22.layer.0.SelfAttention.v.weight]
Loading weights:  97%|#########7| 495/509 [00:00<00:00, 507.11it/s, Materializing param=encoder.block.22.layer.0.SelfAttention.v.weight]
Loading weights:  97%|#########7| 496/509 [00:00<00:00, 507.11it/s, Materializing param=encoder.block.22.layer.0.layer_norm.weight]     
Loading weights:  97%|#########7| 496/509 [00:00<00:00, 507.11it/s, Materializing param=encoder.block.22.layer.0.layer_norm.weight]
Loading weights:  98%|#########7| 497/509 [00:00<00:00, 507.11it/s, Materializing param=encoder.block.22.layer.1.DenseReluDense.wi.weight]
Loading weights:  98%|#########7| 497/509 [00:00<00:00, 507.11it/s, Materializing param=encoder.block.22.layer.1.DenseReluDense.wi.weight]
Loading weights:  98%|#########7| 498/509 [00:00<00:00, 507.11it/s, Materializing param=encoder.block.22.layer.1.DenseReluDense.wo.weight]
Loading weights:  98%|#########7| 498/509 [00:00<00:00, 507.11it/s, Materializing param=encoder.block.22.layer.1.DenseReluDense.wo.weight]
Loading weights:  98%|#########8| 499/509 [00:00<00:00, 507.11it/s, Materializing param=encoder.block.22.layer.1.layer_norm.weight]       
Loading weights:  98%|#########8| 499/509 [00:00<00:00, 507.11it/s, Materializing param=encoder.block.22.layer.1.layer_norm.weight]
Loading weights:  98%|#########8| 500/509 [00:00<00:00, 507.11it/s, Materializing param=encoder.block.23.layer.0.SelfAttention.k.weight]
Loading weights:  98%|#########8| 500/509 [00:00<00:00, 507.11it/s, Materializing param=encoder.block.23.layer.0.SelfAttention.k.weight]
Loading weights:  98%|#########8| 501/509 [00:00<00:00, 507.11it/s, Materializing param=encoder.block.23.layer.0.SelfAttention.o.weight]
Loading weights:  98%|#########8| 501/509 [00:00<00:00, 507.11it/s, Materializing param=encoder.block.23.layer.0.SelfAttention.o.weight]
Loading weights:  99%|#########8| 502/509 [00:00<00:00, 507.11it/s, Materializing param=encoder.block.23.layer.0.SelfAttention.q.weight]
Loading weights:  99%|#########8| 502/509 [00:00<00:00, 507.11it/s, Materializing param=encoder.block.23.layer.0.SelfAttention.q.weight]
Loading weights:  99%|#########8| 503/509 [00:00<00:00, 507.11it/s, Materializing param=encoder.block.23.layer.0.SelfAttention.v.weight]
Loading weights:  99%|#########8| 503/509 [00:00<00:00, 507.11it/s, Materializing param=encoder.block.23.layer.0.SelfAttention.v.weight]
Loading weights:  99%|#########9| 504/509 [00:00<00:00, 507.11it/s, Materializing param=encoder.block.23.layer.0.layer_norm.weight]     
Loading weights:  99%|#########9| 504/509 [00:00<00:00, 507.11it/s, Materializing param=encoder.block.23.layer.0.layer_norm.weight]
Loading weights:  99%|#########9| 505/509 [00:00<00:00, 507.11it/s, Materializing param=encoder.block.23.layer.1.DenseReluDense.wi.weight]
Loading weights:  99%|#########9| 505/509 [00:00<00:00, 507.11it/s, Materializing param=encoder.block.23.layer.1.DenseReluDense.wi.weight]
Loading weights:  99%|#########9| 506/509 [00:00<00:00, 507.11it/s, Materializing param=encoder.block.23.layer.1.DenseReluDense.wo.weight]
Loading weights:  99%|#########9| 506/509 [00:00<00:00, 507.11it/s, Materializing param=encoder.block.23.layer.1.DenseReluDense.wo.weight]
Loading weights: 100%|#########9| 507/509 [00:00<00:00, 507.11it/s, Materializing param=encoder.block.23.layer.1.layer_norm.weight]       
Loading weights: 100%|#########9| 507/509 [00:00<00:00, 507.11it/s, Materializing param=encoder.block.23.layer.1.layer_norm.weight]
Loading weights: 100%|#########9| 508/509 [00:00<00:00, 507.11it/s, Materializing param=encoder.final_layer_norm.weight]           
Loading weights: 100%|#########9| 508/509 [00:00<00:00, 507.11it/s, Materializing param=encoder.final_layer_norm.weight]
Loading weights: 100%|##########| 509/509 [00:00<00:00, 507.11it/s, Materializing param=shared.weight]                  
Loading weights: 100%|##########| 509/509 [00:00<00:00, 507.11it/s, Materializing param=shared.weight]
Loading weights: 100%|##########| 509/509 [00:00<00:00, 2569.69it/s, Materializing param=shared.weight]
[Data] Loading all tasks...
  [Load] sst2: train=2000, test=856
  [Load] ag_news: train=2000, test=1000
  [Load] mnli: train=1998, test=999
  [Load] imdb: train=1999, test=1000
  [Load] dbpedia: train=1988, test=994
  [Load] snli: train=1998, test=999
  [Load] cola: train=1998, test=644
  [Load] yelp: train=2000, test=1000
  [Load] yahoo: train=2000, test=1000
  [Load] qnli: train=2000, test=1000
  [Load] mrpc: train=2000, test=258
  [Load] amazon: train=2000, test=1000
  [Load] newsgroup20: train=1950, test=972
  [Load] rte: train=2000, test=262

[Data] Sample counts per task (requested train=2000, test=1000):
  task               train    test
  sst2                2000     856
  ag_news             2000    1000
  mnli                1998     999
  imdb                1999    1000
  dbpedia             1988     994
  snli                1998     999
  cola                1998     644
  yelp                2000    1000
  yahoo               2000    1000

  qnli                2000    1000
  mrpc                2000     258
  amazon              2000    1000
  newsgroup20         1950     972
  rte                 2000     262


============================================================
[Task 0/13] sst2
============================================================
Task 0:   0%|          | 0/250 [00:00<?, ?it/s]`use_cache=True` is incompatible with gradient checkpointing. Setting `use_cache=False`...

Task 0:   0%|          | 1/250 [00:01<06:43,  1.62s/it]
Task 0:   1%|          | 2/250 [00:02<04:37,  1.12s/it]
Task 0:   1%|1         | 3/250 [00:03<03:52,  1.06it/s]
Task 0:   2%|1         | 4/250 [00:03<03:31,  1.17it/s]
Task 0:   2%|2         | 5/250 [00:04<03:21,  1.22it/s]
Task 0:   2%|2         | 6/250 [00:05<03:13,  1.26it/s]
Task 0:   3%|2         | 7/250 [00:06<03:10,  1.27it/s]
Task 0:   3%|3         | 8/250 [00:07<03:20,  1.20it/s]
Task 0:   4%|3         | 9/250 [00:07<03:14,  1.24it/s]
Task 0:   4%|4         | 10/250 [00:08<03:11,  1.25it/s]
Task 0:   4%|4         | 11/250 [00:09<03:07,  1.28it/s]
Task 0:   5%|4         | 12/250 [00:10<03:05,  1.28it/s]
Task 0:   5%|5         | 13/250 [00:10<03:02,  1.30it/s]
Task 0:   6%|5         | 14/250 [00:11<02:58,  1.32it/s]
Task 0:   6%|6         | 15/250 [00:12<02:55,  1.34it/s]
Task 0:   6%|6         | 16/250 [00:13<02:59,  1.30it/s]
Task 0:   7%|6         | 17/250 [00:13<02:57,  1.31it/s]
Task 0:   7%|7         | 18/250 [00:14<03:04,  1.25it/s]
Task 0:   8%|7         | 19/250 [00:15<03:01,  1.27it/s]
Task 0:   8%|8         | 20/250 [00:16<02:58,  1.29it/s]
Task 0:   8%|8         | 21/250 [00:17<02:57,  1.29it/s]
Task 0:   9%|8         | 22/250 [00:17<02:53,  1.31it/s]
Task 0:   9%|9         | 23/250 [00:18<02:51,  1.32it/s]
Task 0:  10%|9         | 24/250 [00:19<02:51,  1.32it/s]
Task 0:  10%|#         | 25/250 [00:19<02:48,  1.33it/s]
Task 0:  10%|#         | 26/250 [00:20<02:47,  1.34it/s]
Task 0:  11%|#         | 27/250 [00:21<02:46,  1.34it/s]
Task 0:  11%|#1        | 28/250 [00:22<02:45,  1.34it/s]
Task 0:  12%|#1        | 29/250 [00:22<02:44,  1.34it/s]
Task 0:  12%|#2        | 30/250 [00:23<02:44,  1.34it/s]
Task 0:  12%|#2        | 31/250 [00:24<02:43,  1.34it/s]
Task 0:  13%|#2        | 32/250 [00:25<02:43,  1.34it/s]
Task 0:  13%|#3        | 33/250 [00:25<02:41,  1.34it/s]
Task 0:  14%|#3        | 34/250 [00:26<02:40,  1.35it/s]
Task 0:  14%|#4        | 35/250 [00:27<02:39,  1.35it/s]
Task 0:  14%|#4        | 36/250 [00:28<02:38,  1.35it/s]
Task 0:  15%|#4        | 37/250 [00:28<02:37,  1.36it/s]
Task 0:  15%|#5        | 38/250 [00:29<02:36,  1.36it/s]
Task 0:  16%|#5        | 39/250 [00:30<02:35,  1.36it/s]
Task 0:  16%|#6        | 40/250 [00:31<02:36,  1.34it/s]
Task 0:  16%|#6        | 41/250 [00:31<02:34,  1.35it/s]
Task 0:  17%|#6        | 42/250 [00:32<02:43,  1.27it/s]
Task 0:  17%|#7        | 43/250 [00:33<02:39,  1.30it/s]
Task 0:  18%|#7        | 44/250 [00:34<02:37,  1.31it/s]
Task 0:  18%|#8        | 45/250 [00:34<02:36,  1.31it/s]
Task 0:  18%|#8        | 46/250 [00:35<02:34,  1.32it/s]
Task 0:  19%|#8        | 47/250 [00:36<02:32,  1.33it/s]
Task 0:  19%|#9        | 48/250 [00:37<02:32,  1.33it/s]
Task 0:  20%|#9        | 49/250 [00:37<02:30,  1.33it/s]
Task 0:  20%|##        | 50/250 [00:38<02:30,  1.33it/s]
Task 0:  20%|##        | 51/250 [00:39<02:28,  1.34it/s]
Task 0:  21%|##        | 52/250 [00:40<02:27,  1.34it/s]
Task 0:  21%|##1       | 53/250 [00:40<02:26,  1.35it/s]
Task 0:  22%|##1       | 54/250 [00:41<02:25,  1.35it/s]
Task 0:  22%|##2       | 55/250 [00:42<02:24,  1.35it/s]
Task 0:  22%|##2       | 56/250 [00:43<02:24,  1.34it/s]
Task 0:  23%|##2       | 57/250 [00:43<02:23,  1.35it/s]
Task 0:  23%|##3       | 58/250 [00:44<02:21,  1.35it/s]
Task 0:  24%|##3       | 59/250 [00:45<02:20,  1.36it/s]
Task 0:  24%|##4       | 60/250 [00:46<02:19,  1.36it/s]
Task 0:  24%|##4       | 61/250 [00:46<02:19,  1.35it/s]
Task 0:  25%|##4       | 62/250 [00:47<02:19,  1.35it/s]
Task 0:  25%|##5       | 63/250 [00:48<02:18,  1.35it/s]
Task 0:  26%|##5       | 64/250 [00:49<02:17,  1.35it/s]
Task 0:  26%|##6       | 65/250 [00:49<02:16,  1.35it/s]
Task 0:  26%|##6       | 66/250 [00:50<02:23,  1.29it/s]
Task 0:  27%|##6       | 67/250 [00:51<02:19,  1.31it/s]
Task 0:  27%|##7       | 68/250 [00:52<02:18,  1.31it/s]
Task 0:  28%|##7       | 69/250 [00:52<02:16,  1.33it/s]
Task 0:  28%|##8       | 70/250 [00:53<02:14,  1.34it/s]
Task 0:  28%|##8       | 71/250 [00:54<02:14,  1.33it/s]
Task 0:  29%|##8       | 72/250 [00:55<02:14,  1.33it/s]
Task 0:  29%|##9       | 73/250 [00:55<02:12,  1.34it/s]
Task 0:  30%|##9       | 74/250 [00:56<02:11,  1.33it/s]
Task 0:  30%|###       | 75/250 [00:57<02:10,  1.34it/s]
Task 0:  30%|###       | 76/250 [00:58<02:09,  1.34it/s]
Task 0:  31%|###       | 77/250 [00:58<02:08,  1.35it/s]
Task 0:  31%|###1      | 78/250 [00:59<02:07,  1.35it/s]
Task 0:  32%|###1      | 79/250 [01:00<02:06,  1.35it/s]
Task 0:  32%|###2      | 80/250 [01:01<02:06,  1.35it/s]
Task 0:  32%|###2      | 81/250 [01:01<02:05,  1.35it/s]
Task 0:  33%|###2      | 82/250 [01:02<02:04,  1.34it/s]
Task 0:  33%|###3      | 83/250 [01:03<02:03,  1.35it/s]
Task 0:  34%|###3      | 84/250 [01:04<02:02,  1.35it/s]
Task 0:  34%|###4      | 85/250 [01:04<02:01,  1.35it/s]
Task 0:  34%|###4      | 86/250 [01:05<02:01,  1.35it/s]
Task 0:  35%|###4      | 87/250 [01:06<02:00,  1.36it/s]
Task 0:  35%|###5      | 88/250 [01:07<02:00,  1.34it/s]
Task 0:  36%|###5      | 89/250 [01:07<01:59,  1.35it/s]
Task 0:  36%|###6      | 90/250 [01:08<02:04,  1.28it/s]
Task 0:  36%|###6      | 91/250 [01:09<02:01,  1.30it/s]
Task 0:  37%|###6      | 92/250 [01:10<01:59,  1.32it/s]
Task 0:  37%|###7      | 93/250 [01:10<01:57,  1.33it/s]
Task 0:  38%|###7      | 94/250 [01:11<01:56,  1.34it/s]
Task 0:  38%|###8      | 95/250 [01:12<01:55,  1.34it/s]
Task 0:  38%|###8      | 96/250 [01:13<01:54,  1.34it/s]
Task 0:  39%|###8      | 97/250 [01:13<01:54,  1.34it/s]
Task 0:  39%|###9      | 98/250 [01:14<01:53,  1.34it/s]
Task 0:  40%|###9      | 99/250 [01:15<01:52,  1.35it/s]
Task 0:  40%|####      | 100/250 [01:16<01:51,  1.34it/s]
Task 0:  40%|####      | 101/250 [01:16<01:50,  1.35it/s]
Task 0:  41%|####      | 102/250 [01:17<01:49,  1.35it/s]
Task 0:  41%|####1     | 103/250 [01:18<01:49,  1.35it/s]
Task 0:  42%|####1     | 104/250 [01:18<01:48,  1.34it/s]
Task 0:  42%|####2     | 105/250 [01:19<01:47,  1.35it/s]
Task 0:  42%|####2     | 106/250 [01:20<01:47,  1.34it/s]
Task 0:  43%|####2     | 107/250 [01:21<01:46,  1.35it/s]
Task 0:  43%|####3     | 108/250 [01:21<01:45,  1.35it/s]
Task 0:  44%|####3     | 109/250 [01:22<01:44,  1.34it/s]
Task 0:  44%|####4     | 110/250 [01:23<01:44,  1.34it/s]
Task 0:  44%|####4     | 111/250 [01:24<01:43,  1.35it/s]
Task 0:  45%|####4     | 112/250 [01:24<01:43,  1.34it/s]
Task 0:  45%|####5     | 113/250 [01:25<01:41,  1.34it/s]
Task 0:  46%|####5     | 114/250 [01:26<01:45,  1.28it/s]
Task 0:  46%|####6     | 115/250 [01:27<01:43,  1.31it/s]
Task 0:  46%|####6     | 116/250 [01:28<01:41,  1.32it/s]
Task 0:  47%|####6     | 117/250 [01:28<01:40,  1.33it/s]
Task 0:  47%|####7     | 118/250 [01:29<01:38,  1.34it/s]
Task 0:  48%|####7     | 119/250 [01:30<01:37,  1.34it/s]
Task 0:  48%|####8     | 120/250 [01:30<01:37,  1.34it/s]
Task 0:  48%|####8     | 121/250 [01:31<01:36,  1.34it/s]
Task 0:  49%|####8     | 122/250 [01:32<01:36,  1.33it/s]
Task 0:  49%|####9     | 123/250 [01:33<01:34,  1.34it/s]
Task 0:  50%|####9     | 124/250 [01:33<01:33,  1.34it/s]
Task 0:  50%|#####     | 125/250 [01:34<01:32,  1.34it/s]
Task 0:  50%|#####     | 126/250 [01:35<01:32,  1.35it/s]
Task 0:  51%|#####     | 127/250 [01:36<01:31,  1.35it/s]
Task 0:  51%|#####1    | 128/250 [01:36<01:31,  1.34it/s]
Task 0:  52%|#####1    | 129/250 [01:37<01:30,  1.33it/s]
Task 0:  52%|#####2    | 130/250 [01:38<01:29,  1.34it/s]
Task 0:  52%|#####2    | 131/250 [01:39<01:28,  1.35it/s]
Task 0:  53%|#####2    | 132/250 [01:39<01:27,  1.35it/s]
Task 0:  53%|#####3    | 133/250 [01:40<01:26,  1.35it/s]
Task 0:  54%|#####3    | 134/250 [01:41<01:25,  1.35it/s]
Task 0:  54%|#####4    | 135/250 [01:42<01:25,  1.34it/s]
Task 0:  54%|#####4    | 136/250 [01:42<01:25,  1.33it/s]
Task 0:  55%|#####4    | 137/250 [01:43<01:24,  1.34it/s]
Task 0:  55%|#####5    | 138/250 [01:44<01:27,  1.28it/s]
Task 0:  56%|#####5    | 139/250 [01:45<01:25,  1.30it/s]
Task 0:  56%|#####6    | 140/250 [01:46<01:23,  1.32it/s]
Task 0:  56%|#####6    | 141/250 [01:46<01:22,  1.33it/s]
Task 0:  57%|#####6    | 142/250 [01:47<01:20,  1.33it/s]
Task 0:  57%|#####7    | 143/250 [01:48<01:19,  1.34it/s]
Task 0:  58%|#####7    | 144/250 [01:48<01:19,  1.34it/s]
Task 0:  58%|#####8    | 145/250 [01:49<01:17,  1.35it/s]
Task 0:  58%|#####8    | 146/250 [01:50<01:17,  1.35it/s]
Task 0:  59%|#####8    | 147/250 [01:51<01:16,  1.35it/s]
Task 0:  59%|#####9    | 148/250 [01:51<01:15,  1.35it/s]
Task 0:  60%|#####9    | 149/250 [01:52<01:14,  1.35it/s]
Task 0:  60%|######    | 150/250 [01:53<01:13,  1.35it/s]
Task 0:  60%|######    | 151/250 [01:54<01:12,  1.36it/s]
Task 0:  61%|######    | 152/250 [01:54<01:12,  1.35it/s]
Task 0:  61%|######1   | 153/250 [01:55<01:11,  1.35it/s]
Task 0:  62%|######1   | 154/250 [01:56<01:10,  1.36it/s]
Task 0:  62%|######2   | 155/250 [01:57<01:09,  1.36it/s]
Task 0:  62%|######2   | 156/250 [01:57<01:09,  1.35it/s]
Task 0:  63%|######2   | 157/250 [01:58<01:08,  1.35it/s]
Task 0:  63%|######3   | 158/250 [01:59<01:07,  1.35it/s]
Task 0:  64%|######3   | 159/250 [02:00<01:07,  1.35it/s]
Task 0:  64%|######4   | 160/250 [02:00<01:07,  1.34it/s]
Task 0:  64%|######4   | 161/250 [02:01<01:06,  1.33it/s]
Task 0:  65%|######4   | 162/250 [02:02<01:09,  1.27it/s]
Task 0:  65%|######5   | 163/250 [02:03<01:07,  1.29it/s]
Task 0:  66%|######5   | 164/250 [02:03<01:05,  1.31it/s]
Task 0:  66%|######6   | 165/250 [02:04<01:04,  1.32it/s]
Task 0:  66%|######6   | 166/250 [02:05<01:02,  1.33it/s]
Task 0:  67%|######6   | 167/250 [02:06<01:01,  1.34it/s]
Task 0:  67%|######7   | 168/250 [02:06<01:02,  1.32it/s]
Task 0:  68%|######7   | 169/250 [02:07<01:00,  1.33it/s]
Task 0:  68%|######8   | 170/250 [02:08<00:59,  1.34it/s]
Task 0:  68%|######8   | 171/250 [02:09<00:58,  1.35it/s]
Task 0:  69%|######8   | 172/250 [02:09<00:57,  1.35it/s]
Task 0:  69%|######9   | 173/250 [02:10<00:57,  1.35it/s]
Task 0:  70%|######9   | 174/250 [02:11<00:56,  1.35it/s]
Task 0:  70%|#######   | 175/250 [02:12<00:55,  1.35it/s]
Task 0:  70%|#######   | 176/250 [02:12<00:55,  1.34it/s]
Task 0:  71%|#######   | 177/250 [02:13<00:54,  1.35it/s]
Task 0:  71%|#######1  | 178/250 [02:14<00:53,  1.35it/s]
Task 0:  72%|#######1  | 179/250 [02:15<00:52,  1.35it/s]
Task 0:  72%|#######2  | 180/250 [02:15<00:51,  1.36it/s]
Task 0:  72%|#######2  | 181/250 [02:16<00:50,  1.35it/s]
Task 0:  73%|#######2  | 182/250 [02:17<00:50,  1.35it/s]
Task 0:  73%|#######3  | 183/250 [02:17<00:49,  1.35it/s]
Task 0:  74%|#######3  | 184/250 [02:18<00:49,  1.34it/s]
Task 0:  74%|#######4  | 185/250 [02:19<00:48,  1.33it/s]
Task 0:  74%|#######4  | 186/250 [02:20<00:50,  1.26it/s]
Task 0:  75%|#######4  | 187/250 [02:21<00:49,  1.28it/s]
Task 0:  75%|#######5  | 188/250 [02:21<00:48,  1.29it/s]
Task 0:  76%|#######5  | 189/250 [02:22<00:46,  1.30it/s]
Task 0:  76%|#######6  | 190/250 [02:23<00:45,  1.31it/s]
Task 0:  76%|#######6  | 191/250 [02:24<00:45,  1.31it/s]
Task 0:  77%|#######6  | 192/250 [02:24<00:44,  1.29it/s]
Task 0:  77%|#######7  | 193/250 [02:25<00:43,  1.31it/s]
Task 0:  78%|#######7  | 194/250 [02:26<00:42,  1.31it/s]
Task 0:  78%|#######8  | 195/250 [02:27<00:41,  1.31it/s]
Task 0:  78%|#######8  | 196/250 [02:28<00:40,  1.32it/s]
Task 0:  79%|#######8  | 197/250 [02:28<00:40,  1.32it/s]
Task 0:  79%|#######9  | 198/250 [02:29<00:39,  1.31it/s]
Task 0:  80%|#######9  | 199/250 [02:30<00:38,  1.31it/s]
Task 0:  80%|########  | 200/250 [02:31<00:38,  1.31it/s]
Task 0:  80%|########  | 201/250 [02:31<00:37,  1.31it/s]
Task 0:  81%|########  | 202/250 [02:32<00:36,  1.31it/s]
Task 0:  81%|########1 | 203/250 [02:33<00:35,  1.31it/s]
Task 0:  82%|########1 | 204/250 [02:34<00:35,  1.31it/s]
Task 0:  82%|########2 | 205/250 [02:34<00:34,  1.31it/s]
Task 0:  82%|########2 | 206/250 [02:35<00:33,  1.31it/s]
Task 0:  83%|########2 | 207/250 [02:36<00:32,  1.31it/s]
Task 0:  83%|########3 | 208/250 [02:37<00:32,  1.30it/s]
Task 0:  84%|########3 | 209/250 [02:37<00:31,  1.30it/s]
Task 0:  84%|########4 | 210/250 [02:38<00:32,  1.25it/s]
Task 0:  84%|########4 | 211/250 [02:39<00:30,  1.27it/s]
Task 0:  85%|########4 | 212/250 [02:40<00:29,  1.28it/s]
Task 0:  85%|########5 | 213/250 [02:41<00:28,  1.29it/s]
Task 0:  86%|########5 | 214/250 [02:41<00:27,  1.30it/s]
Task 0:  86%|########6 | 215/250 [02:42<00:26,  1.30it/s]
Task 0:  86%|########6 | 216/250 [02:43<00:26,  1.31it/s]
Task 0:  87%|########6 | 217/250 [02:44<00:25,  1.31it/s]
Task 0:  87%|########7 | 218/250 [02:44<00:24,  1.30it/s]
Task 0:  88%|########7 | 219/250 [02:45<00:23,  1.31it/s]
Task 0:  88%|########8 | 220/250 [02:46<00:22,  1.32it/s]
Task 0:  88%|########8 | 221/250 [02:47<00:22,  1.31it/s]
Task 0:  89%|########8 | 222/250 [02:47<00:21,  1.30it/s]
Task 0:  89%|########9 | 223/250 [02:48<00:20,  1.31it/s]
Task 0:  90%|########9 | 224/250 [02:49<00:19,  1.31it/s]
Task 0:  90%|######### | 225/250 [02:50<00:18,  1.32it/s]
Task 0:  90%|######### | 226/250 [02:50<00:18,  1.32it/s]
Task 0:  91%|######### | 227/250 [02:51<00:17,  1.32it/s]
Task 0:  91%|#########1| 228/250 [02:52<00:16,  1.32it/s]
Task 0:  92%|#########1| 229/250 [02:53<00:15,  1.32it/s]
Task 0:  92%|#########2| 230/250 [02:54<00:15,  1.31it/s]
Task 0:  92%|#########2| 231/250 [02:54<00:14,  1.31it/s]
Task 0:  93%|#########2| 232/250 [02:55<00:13,  1.30it/s]
Task 0:  93%|#########3| 233/250 [02:56<00:12,  1.32it/s]
Task 0:  94%|#########3| 234/250 [02:57<00:12,  1.26it/s]
Task 0:  94%|#########3| 235/250 [02:57<00:11,  1.27it/s]
Task 0:  94%|#########4| 236/250 [02:58<00:10,  1.29it/s]
Task 0:  95%|#########4| 237/250 [02:59<00:10,  1.29it/s]
Task 0:  95%|#########5| 238/250 [03:00<00:09,  1.30it/s]
Task 0:  96%|#########5| 239/250 [03:01<00:08,  1.30it/s]
Task 0:  96%|#########6| 240/250 [03:01<00:07,  1.28it/s]
Task 0:  96%|#########6| 241/250 [03:02<00:06,  1.30it/s]
Task 0:  97%|#########6| 242/250 [03:03<00:06,  1.31it/s]
Task 0:  97%|#########7| 243/250 [03:04<00:05,  1.32it/s]
Task 0:  98%|#########7| 244/250 [03:04<00:04,  1.32it/s]
Task 0:  98%|#########8| 245/250 [03:05<00:03,  1.33it/s]
Task 0:  98%|#########8| 246/250 [03:06<00:03,  1.32it/s]
Task 0:  99%|#########8| 247/250 [03:07<00:02,  1.32it/s]
Task 0:  99%|#########9| 248/250 [03:07<00:01,  1.31it/s]
Task 0: 100%|#########9| 249/250 [03:08<00:00,  1.31it/s]
Task 0: 100%|##########| 250/250 [03:09<00:00,  1.31it/s]
                                                         
[FeatureSelector] Estimating feature subspace (k=10)...
[FeatureSelector] Subspace estimated. V_k shape: torch.Size([1024, 10])
[Buffer] Selecting 560 samples for task 0 from 2000 candidates...
[FeatureSelector] Scoring 2000 candidates (forward-only)...
[Buffer] Updated: {0: 560}
[Task 0] avg_loss=39.4043 | buffer=560
[Task 0] {'sst2': 0.0}

============================================================
[Task 1/13] ag_news
============================================================

Task 1:   0%|          | 0/250 [00:00<?, ?it/s]
Task 1:   0%|          | 1/250 [00:01<05:40,  1.37s/it]
Task 1:   1%|          | 2/250 [00:02<04:10,  1.01s/it]
Task 1:   1%|1         | 3/250 [00:03<04:49,  1.17s/it]
Task 1:   2%|1         | 4/250 [00:04<04:05,  1.00it/s]
Task 1:   2%|2         | 5/250 [00:05<04:36,  1.13s/it]
Task 1:   2%|2         | 6/250 [00:06<04:04,  1.00s/it]
Task 1:   3%|2         | 7/250 [00:07<04:32,  1.12s/it]
Task 1:   3%|3         | 8/250 [00:08<04:07,  1.02s/it]
Task 1:   4%|3         | 9/250 [00:09<04:32,  1.13s/it]
Task 1:   4%|4         | 10/250 [00:10<04:03,  1.01s/it]
Task 1:   4%|4         | 11/250 [00:12<04:27,  1.12s/it]
Task 1:   5%|4         | 12/250 [00:12<04:00,  1.01s/it]
Task 1:   5%|5         | 13/250 [00:14<04:24,  1.12s/it]
Task 1:   6%|5         | 14/250 [00:14<03:57,  1.01s/it]
Task 1:   6%|6         | 15/250 [00:16<04:21,  1.11s/it]
Task 1:   6%|6         | 16/250 [00:17<03:56,  1.01s/it]
Task 1:   7%|6         | 17/250 [00:18<04:19,  1.12s/it]
Task 1:   7%|7         | 18/250 [00:19<03:52,  1.00s/it]
Task 1:   8%|7         | 19/250 [00:20<04:16,  1.11s/it]
Task 1:   8%|8         | 20/250 [00:21<03:49,  1.00it/s]
Task 1:   8%|8         | 21/250 [00:22<04:13,  1.11s/it]
Task 1:   9%|8         | 22/250 [00:23<03:46,  1.01it/s]
Task 1:   9%|9         | 23/250 [00:24<04:10,  1.10s/it]
Task 1:  10%|9         | 24/250 [00:25<03:46,  1.00s/it]
Task 1:  10%|#         | 25/250 [00:26<04:09,  1.11s/it]
Task 1:  10%|#         | 26/250 [00:27<03:43,  1.00it/s]
Task 1:  11%|#         | 27/250 [00:28<04:06,  1.11s/it]
Task 1:  11%|#1        | 28/250 [00:29<03:49,  1.03s/it]
Task 1:  12%|#1        | 29/250 [00:31<04:09,  1.13s/it]
Task 1:  12%|#2        | 30/250 [00:31<03:42,  1.01s/it]
Task 1:  12%|#2        | 31/250 [00:33<04:04,  1.12s/it]
Task 1:  13%|#2        | 32/250 [00:33<03:39,  1.01s/it]
Task 1:  13%|#3        | 33/250 [00:35<04:01,  1.11s/it]
Task 1:  14%|#3        | 34/250 [00:36<03:35,  1.00it/s]
Task 1:  14%|#4        | 35/250 [00:37<03:58,  1.11s/it]
Task 1:  14%|#4        | 36/250 [00:38<03:33,  1.00it/s]
Task 1:  15%|#4        | 37/250 [00:39<03:55,  1.11s/it]
Task 1:  15%|#5        | 38/250 [00:40<03:30,  1.01it/s]
Task 1:  16%|#5        | 39/250 [00:41<03:53,  1.10s/it]
Task 1:  16%|#6        | 40/250 [00:42<03:29,  1.00it/s]
Task 1:  16%|#6        | 41/250 [00:43<03:51,  1.11s/it]
Task 1:  17%|#6        | 42/250 [00:44<03:27,  1.00it/s]
Task 1:  17%|#7        | 43/250 [00:45<03:49,  1.11s/it]
Task 1:  18%|#7        | 44/250 [00:46<03:25,  1.00it/s]
Task 1:  18%|#8        | 45/250 [00:47<03:46,  1.11s/it]
Task 1:  18%|#8        | 46/250 [00:48<03:23,  1.00it/s]
Task 1:  19%|#8        | 47/250 [00:50<03:44,  1.11s/it]
Task 1:  19%|#9        | 48/250 [00:50<03:22,  1.00s/it]
Task 1:  20%|#9        | 49/250 [00:52<03:43,  1.11s/it]
Task 1:  20%|##        | 50/250 [00:52<03:19,  1.00it/s]
Task 1:  20%|##        | 51/250 [00:54<03:40,  1.11s/it]
Task 1:  21%|##        | 52/250 [00:54<03:17,  1.00it/s]
Task 1:  21%|##1       | 53/250 [00:56<03:46,  1.15s/it]
Task 1:  22%|##1       | 54/250 [00:57<03:21,  1.03s/it]
Task 1:  22%|##2       | 55/250 [00:58<03:39,  1.13s/it]
Task 1:  22%|##2       | 56/250 [00:59<03:17,  1.02s/it]
Task 1:  23%|##2       | 57/250 [01:00<03:36,  1.12s/it]
Task 1:  23%|##3       | 58/250 [01:01<03:13,  1.01s/it]
Task 1:  24%|##3       | 59/250 [01:02<03:32,  1.11s/it]
Task 1:  24%|##4       | 60/250 [01:03<03:10,  1.00s/it]
Task 1:  24%|##4       | 61/250 [01:04<03:29,  1.11s/it]
Task 1:  25%|##4       | 62/250 [01:05<03:07,  1.00it/s]
Task 1:  25%|##5       | 63/250 [01:07<03:26,  1.11s/it]
Task 1:  26%|##5       | 64/250 [01:07<03:06,  1.00s/it]
Task 1:  26%|##6       | 65/250 [01:09<03:25,  1.11s/it]
Task 1:  26%|##6       | 66/250 [01:09<03:03,  1.00it/s]
Task 1:  27%|##6       | 67/250 [01:11<03:22,  1.11s/it]
Task 1:  27%|##7       | 68/250 [01:11<03:01,  1.00it/s]
Task 1:  28%|##7       | 69/250 [01:13<03:20,  1.11s/it]
Task 1:  28%|##8       | 70/250 [01:14<02:59,  1.00it/s]
Task 1:  28%|##8       | 71/250 [01:15<03:18,  1.11s/it]
Task 1:  29%|##8       | 72/250 [01:16<02:58,  1.00s/it]
Task 1:  29%|##9       | 73/250 [01:17<03:16,  1.11s/it]
Task 1:  30%|##9       | 74/250 [01:18<02:55,  1.00it/s]
Task 1:  30%|###       | 75/250 [01:19<03:13,  1.11s/it]
Task 1:  30%|###       | 76/250 [01:20<02:53,  1.00it/s]
Task 1:  31%|###       | 77/250 [01:21<03:17,  1.14s/it]
Task 1:  31%|###1      | 78/250 [01:22<02:55,  1.02s/it]
Task 1:  32%|###1      | 79/250 [01:23<03:12,  1.12s/it]
Task 1:  32%|###2      | 80/250 [01:24<02:52,  1.02s/it]
Task 1:  32%|###2      | 81/250 [01:26<03:09,  1.12s/it]
Task 1:  33%|###2      | 82/250 [01:26<02:49,  1.01s/it]
Task 1:  33%|###3      | 83/250 [01:28<03:06,  1.11s/it]
Task 1:  34%|###3      | 84/250 [01:28<02:46,  1.00s/it]
Task 1:  34%|###4      | 85/250 [01:30<03:02,  1.11s/it]
Task 1:  34%|###4      | 86/250 [01:31<02:43,  1.00it/s]
Task 1:  35%|###4      | 87/250 [01:32<03:00,  1.11s/it]
Task 1:  35%|###5      | 88/250 [01:33<02:42,  1.00s/it]
Task 1:  36%|###5      | 89/250 [01:34<02:58,  1.11s/it]
Task 1:  36%|###6      | 90/250 [01:35<02:39,  1.00it/s]
Task 1:  36%|###6      | 91/250 [01:36<02:55,  1.11s/it]
Task 1:  37%|###6      | 92/250 [01:37<02:37,  1.00it/s]
Task 1:  37%|###7      | 93/250 [01:38<02:53,  1.11s/it]
Task 1:  38%|###7      | 94/250 [01:39<02:36,  1.00s/it]
Task 1:  38%|###8      | 95/250 [01:40<02:52,  1.11s/it]
Task 1:  38%|###8      | 96/250 [01:41<02:34,  1.01s/it]
Task 1:  39%|###8      | 97/250 [01:42<02:50,  1.11s/it]
Task 1:  39%|###9      | 98/250 [01:43<02:33,  1.01s/it]
Task 1:  40%|###9      | 99/250 [01:45<02:48,  1.11s/it]
Task 1:  40%|####      | 100/250 [01:45<02:36,  1.04s/it]
Task 1:  40%|####      | 101/250 [01:47<02:49,  1.14s/it]
Task 1:  41%|####      | 102/250 [01:48<02:31,  1.02s/it]
Task 1:  41%|####1     | 103/250 [01:49<02:45,  1.12s/it]
Task 1:  42%|####1     | 104/250 [01:50<02:28,  1.02s/it]
Task 1:  42%|####2     | 105/250 [01:51<02:42,  1.12s/it]
Task 1:  42%|####2     | 106/250 [01:52<02:26,  1.02s/it]
Task 1:  43%|####2     | 107/250 [01:53<02:40,  1.12s/it]
Task 1:  43%|####3     | 108/250 [01:54<02:24,  1.01s/it]
Task 1:  44%|####3     | 109/250 [01:55<02:37,  1.12s/it]
Task 1:  44%|####4     | 110/250 [01:56<02:21,  1.01s/it]
Task 1:  44%|####4     | 111/250 [01:57<02:35,  1.12s/it]
Task 1:  45%|####4     | 112/250 [01:58<02:20,  1.02s/it]
Task 1:  45%|####5     | 113/250 [02:00<02:33,  1.12s/it]
Task 1:  46%|####5     | 114/250 [02:00<02:17,  1.01s/it]
Task 1:  46%|####6     | 115/250 [02:02<02:30,  1.12s/it]
Task 1:  46%|####6     | 116/250 [02:02<02:15,  1.01s/it]
Task 1:  47%|####6     | 117/250 [02:04<02:28,  1.11s/it]
Task 1:  47%|####7     | 118/250 [02:05<02:13,  1.01s/it]
Task 1:  48%|####7     | 119/250 [02:06<02:26,  1.12s/it]
Task 1:  48%|####8     | 120/250 [02:07<02:12,  1.02s/it]
Task 1:  48%|####8     | 121/250 [02:08<02:29,  1.16s/it]
Task 1:  49%|####8     | 122/250 [02:09<02:12,  1.03s/it]
Task 1:  49%|####9     | 123/250 [02:10<02:23,  1.13s/it]
Task 1:  50%|####9     | 124/250 [02:11<02:08,  1.02s/it]
Task 1:  50%|#####     | 125/250 [02:12<02:20,  1.12s/it]
Task 1:  50%|#####     | 126/250 [02:13<02:05,  1.01s/it]
Task 1:  51%|#####     | 127/250 [02:15<02:17,  1.12s/it]
Task 1:  51%|#####1    | 128/250 [02:15<02:04,  1.02s/it]
Task 1:  52%|#####1    | 129/250 [02:17<02:15,  1.12s/it]
Task 1:  52%|#####2    | 130/250 [02:17<02:01,  1.01s/it]
Task 1:  52%|#####2    | 131/250 [02:19<02:13,  1.12s/it]
Task 1:  53%|#####2    | 132/250 [02:20<01:58,  1.01s/it]
Task 1:  53%|#####3    | 133/250 [02:21<02:10,  1.12s/it]
Task 1:  54%|#####3    | 134/250 [02:22<01:57,  1.01s/it]
Task 1:  54%|#####4    | 135/250 [02:23<02:08,  1.12s/it]
Task 1:  54%|#####4    | 136/250 [02:24<01:55,  1.02s/it]
Task 1:  55%|#####4    | 137/250 [02:25<02:06,  1.12s/it]
Task 1:  55%|#####5    | 138/250 [02:26<01:52,  1.01s/it]
Task 1:  56%|#####5    | 139/250 [02:27<02:03,  1.11s/it]
Task 1:  56%|#####6    | 140/250 [02:28<01:50,  1.01s/it]
Task 1:  56%|#####6    | 141/250 [02:29<02:01,  1.11s/it]
Task 1:  57%|#####6    | 142/250 [02:30<01:48,  1.01s/it]
Task 1:  57%|#####7    | 143/250 [02:32<01:59,  1.11s/it]
Task 1:  58%|#####7    | 144/250 [02:32<01:47,  1.01s/it]
Task 1:  58%|#####8    | 145/250 [02:34<01:57,  1.12s/it]
Task 1:  58%|#####8    | 146/250 [02:34<01:44,  1.01s/it]
Task 1:  59%|#####8    | 147/250 [02:36<01:58,  1.15s/it]
Task 1:  59%|#####9    | 148/250 [02:37<01:45,  1.03s/it]
Task 1:  60%|#####9    | 149/250 [02:38<01:54,  1.13s/it]
Task 1:  60%|######    | 150/250 [02:39<01:42,  1.03s/it]
Task 1:  60%|######    | 151/250 [02:40<01:51,  1.13s/it]
Task 1:  61%|######    | 152/250 [02:41<01:40,  1.02s/it]
Task 1:  61%|######1   | 153/250 [02:42<01:48,  1.12s/it]
Task 1:  62%|######1   | 154/250 [02:43<01:37,  1.01s/it]
Task 1:  62%|######2   | 155/250 [02:44<01:46,  1.12s/it]
Task 1:  62%|######2   | 156/250 [02:45<01:34,  1.01s/it]
Task 1:  63%|######2   | 157/250 [02:47<01:44,  1.12s/it]
Task 1:  63%|######3   | 158/250 [02:47<01:32,  1.01s/it]
Task 1:  64%|######3   | 159/250 [02:49<01:41,  1.12s/it]
Task 1:  64%|######4   | 160/250 [02:50<01:31,  1.02s/it]
Task 1:  64%|######4   | 161/250 [02:51<01:40,  1.12s/it]
Task 1:  65%|######4   | 162/250 [02:52<01:29,  1.02s/it]
Task 1:  65%|######5   | 163/250 [02:53<01:37,  1.13s/it]
Task 1:  66%|######5   | 164/250 [02:54<01:28,  1.02s/it]
Task 1:  66%|######6   | 165/250 [02:55<01:35,  1.13s/it]
Task 1:  66%|######6   | 166/250 [02:56<01:25,  1.02s/it]
Task 1:  67%|######6   | 167/250 [02:57<01:33,  1.13s/it]
Task 1:  67%|######7   | 168/250 [02:58<01:24,  1.03s/it]
Task 1:  68%|######7   | 169/250 [02:59<01:31,  1.13s/it]
Task 1:  68%|######8   | 170/250 [03:00<01:21,  1.01s/it]
Task 1:  68%|######8   | 171/250 [03:02<01:31,  1.16s/it]
Task 1:  69%|######8   | 172/250 [03:03<01:21,  1.04s/it]
Task 1:  69%|######9   | 173/250 [03:04<01:27,  1.14s/it]
Task 1:  70%|######9   | 174/250 [03:05<01:17,  1.03s/it]
Task 1:  70%|#######   | 175/250 [03:06<01:24,  1.13s/it]
Task 1:  70%|#######   | 176/250 [03:07<01:15,  1.02s/it]
Task 1:  71%|#######   | 177/250 [03:08<01:22,  1.13s/it]
Task 1:  71%|#######1  | 178/250 [03:09<01:13,  1.02s/it]
Task 1:  72%|#######1  | 179/250 [03:10<01:19,  1.13s/it]
Task 1:  72%|#######2  | 180/250 [03:11<01:10,  1.01s/it]
Task 1:  72%|#######2  | 181/250 [03:12<01:17,  1.12s/it]
Task 1:  73%|#######2  | 182/250 [03:13<01:09,  1.02s/it]
Task 1:  73%|#######3  | 183/250 [03:15<01:15,  1.12s/it]
Task 1:  74%|#######3  | 184/250 [03:15<01:07,  1.03s/it]
Task 1:  74%|#######4  | 185/250 [03:17<01:13,  1.13s/it]
Task 1:  74%|#######4  | 186/250 [03:17<01:04,  1.01s/it]
Task 1:  75%|#######4  | 187/250 [03:19<01:10,  1.12s/it]
Task 1:  75%|#######5  | 188/250 [03:20<01:02,  1.01s/it]
Task 1:  76%|#######5  | 189/250 [03:21<01:08,  1.12s/it]
Task 1:  76%|#######6  | 190/250 [03:22<01:00,  1.01s/it]
Task 1:  76%|#######6  | 191/250 [03:23<01:05,  1.12s/it]
Task 1:  77%|#######6  | 192/250 [03:24<00:58,  1.01s/it]
Task 1:  77%|#######7  | 193/250 [03:25<01:05,  1.16s/it]
Task 1:  78%|#######7  | 194/250 [03:26<00:58,  1.04s/it]
Task 1:  78%|#######8  | 195/250 [03:27<01:02,  1.14s/it]
Task 1:  78%|#######8  | 196/250 [03:28<00:54,  1.02s/it]
Task 1:  79%|#######8  | 197/250 [03:30<00:59,  1.12s/it]
Task 1:  79%|#######9  | 198/250 [03:30<00:52,  1.02s/it]
Task 1:  80%|#######9  | 199/250 [03:32<00:57,  1.12s/it]
Task 1:  80%|########  | 200/250 [03:33<00:50,  1.02s/it]
Task 1:  80%|########  | 201/250 [03:34<00:54,  1.12s/it]
Task 1:  81%|########  | 202/250 [03:35<00:48,  1.01s/it]
Task 1:  81%|########1 | 203/250 [03:36<00:52,  1.12s/it]
Task 1:  82%|########1 | 204/250 [03:37<00:46,  1.01s/it]
Task 1:  82%|########2 | 205/250 [03:38<00:50,  1.11s/it]
Task 1:  82%|########2 | 206/250 [03:39<00:44,  1.01s/it]
Task 1:  83%|########2 | 207/250 [03:40<00:48,  1.12s/it]
Task 1:  83%|########3 | 208/250 [03:41<00:42,  1.02s/it]
Task 1:  84%|########3 | 209/250 [03:42<00:45,  1.12s/it]
Task 1:  84%|########4 | 210/250 [03:43<00:40,  1.02s/it]
Task 1:  84%|########4 | 211/250 [03:45<00:43,  1.12s/it]
Task 1:  85%|########4 | 212/250 [03:45<00:38,  1.02s/it]
Task 1:  85%|########5 | 213/250 [03:47<00:41,  1.12s/it]
Task 1:  86%|########5 | 214/250 [03:47<00:36,  1.01s/it]
Task 1:  86%|########6 | 215/250 [03:49<00:40,  1.15s/it]
Task 1:  86%|########6 | 216/250 [03:50<00:35,  1.04s/it]
Task 1:  87%|########6 | 217/250 [03:51<00:37,  1.13s/it]
Task 1:  87%|########7 | 218/250 [03:52<00:32,  1.01s/it]
Task 1:  88%|########7 | 219/250 [03:53<00:34,  1.12s/it]
Task 1:  88%|########8 | 220/250 [03:54<00:30,  1.01s/it]
Task 1:  88%|########8 | 221/250 [03:55<00:32,  1.11s/it]
Task 1:  89%|########8 | 222/250 [03:56<00:28,  1.00s/it]
Task 1:  89%|########9 | 223/250 [03:57<00:29,  1.11s/it]
Task 1:  90%|########9 | 224/250 [03:58<00:26,  1.00s/it]
Task 1:  90%|######### | 225/250 [03:59<00:27,  1.11s/it]
Task 1:  90%|######### | 226/250 [04:00<00:24,  1.00s/it]
Task 1:  91%|######### | 227/250 [04:02<00:25,  1.11s/it]
Task 1:  91%|#########1| 228/250 [04:02<00:21,  1.00it/s]
Task 1:  92%|#########1| 229/250 [04:04<00:23,  1.11s/it]
Task 1:  92%|#########2| 230/250 [04:04<00:19,  1.00it/s]
Task 1:  92%|#########2| 231/250 [04:06<00:21,  1.11s/it]
Task 1:  93%|#########2| 232/250 [04:07<00:18,  1.00s/it]
Task 1:  93%|#########3| 233/250 [04:08<00:18,  1.11s/it]
Task 1:  94%|#########3| 234/250 [04:09<00:16,  1.00s/it]
Task 1:  94%|#########3| 235/250 [04:10<00:16,  1.11s/it]
Task 1:  94%|#########4| 236/250 [04:11<00:14,  1.03s/it]
Task 1:  95%|#########4| 237/250 [04:12<00:14,  1.13s/it]
Task 1:  95%|#########5| 238/250 [04:13<00:12,  1.02s/it]
Task 1:  96%|#########5| 239/250 [04:14<00:12,  1.12s/it]
Task 1:  96%|#########6| 240/250 [04:15<00:10,  1.02s/it]
Task 1:  96%|#########6| 241/250 [04:16<00:10,  1.12s/it]
Task 1:  97%|#########6| 242/250 [04:17<00:08,  1.00s/it]
Task 1:  97%|#########7| 243/250 [04:19<00:07,  1.11s/it]
Task 1:  98%|#########7| 244/250 [04:19<00:06,  1.01s/it]
Task 1:  98%|#########8| 245/250 [04:21<00:05,  1.11s/it]
Task 1:  98%|#########8| 246/250 [04:21<00:04,  1.01s/it]
Task 1:  99%|#########8| 247/250 [04:23<00:03,  1.11s/it]
Task 1:  99%|#########9| 248/250 [04:24<00:02,  1.01s/it]
Task 1: 100%|#########9| 249/250 [04:25<00:01,  1.11s/it]
Task 1: 100%|##########| 250/250 [04:26<00:00,  1.01s/it]
                                                         
[FeatureSelector] Estimating feature subspace (k=10)...
[FeatureSelector] Subspace estimated. V_k shape: torch.Size([1024, 10])
[Buffer] Selecting 280 samples for task 1 from 2000 candidates...
[FeatureSelector] Scoring 2000 candidates (forward-only)...
[Buffer] Updated: {0: 280, 1: 280}
[Task 1] avg_loss=13.0154 | buffer=560
[Task 1] {'sst2': 0.0, 'ag_news': 0.0}

============================================================
[Task 2/13] mnli
============================================================

Task 2:   0%|          | 0/250 [00:00<?, ?it/s]
Task 2:   0%|          | 1/250 [00:01<05:40,  1.37s/it]
Task 2:   1%|          | 2/250 [00:02<04:17,  1.04s/it]
Task 2:   1%|1         | 3/250 [00:03<04:53,  1.19s/it]
Task 2:   2%|1         | 4/250 [00:04<04:12,  1.02s/it]
Task 2:   2%|2         | 5/250 [00:05<04:40,  1.15s/it]
Task 2:   2%|2         | 6/250 [00:06<04:16,  1.05s/it]
Task 2:   3%|2         | 7/250 [00:07<04:40,  1.15s/it]
Task 2:   3%|3         | 8/250 [00:08<04:11,  1.04s/it]
Task 2:   4%|3         | 9/250 [00:10<04:36,  1.15s/it]
Task 2:   4%|4         | 10/250 [00:10<04:09,  1.04s/it]
Task 2:   4%|4         | 11/250 [00:12<04:32,  1.14s/it]
Task 2:   5%|4         | 12/250 [00:13<04:03,  1.02s/it]
Task 2:   5%|5         | 13/250 [00:14<04:26,  1.13s/it]
Task 2:   6%|5         | 14/250 [00:15<03:59,  1.01s/it]
Task 2:   6%|6         | 15/250 [00:16<04:23,  1.12s/it]
Task 2:   6%|6         | 16/250 [00:17<03:57,  1.01s/it]
Task 2:   7%|6         | 17/250 [00:18<04:20,  1.12s/it]
Task 2:   7%|7         | 18/250 [00:19<03:53,  1.01s/it]
Task 2:   8%|7         | 19/250 [00:20<04:17,  1.12s/it]
Task 2:   8%|8         | 20/250 [00:21<03:51,  1.01s/it]
Task 2:   8%|8         | 21/250 [00:22<04:15,  1.11s/it]
Task 2:   9%|8         | 22/250 [00:23<03:50,  1.01s/it]
Task 2:   9%|9         | 23/250 [00:24<04:13,  1.12s/it]
Task 2:  10%|9         | 24/250 [00:25<03:49,  1.02s/it]
Task 2:  10%|#         | 25/250 [00:27<04:12,  1.12s/it]
Task 2:  10%|#         | 26/250 [00:27<03:46,  1.01s/it]
Task 2:  11%|#         | 27/250 [00:29<04:09,  1.12s/it]
Task 2:  11%|#1        | 28/250 [00:30<03:52,  1.05s/it]
Task 2:  12%|#1        | 29/250 [00:31<04:12,  1.14s/it]
Task 2:  12%|#2        | 30/250 [00:32<03:46,  1.03s/it]
Task 2:  12%|#2        | 31/250 [00:33<04:07,  1.13s/it]
Task 2:  13%|#2        | 32/250 [00:34<03:42,  1.02s/it]
Task 2:  13%|#3        | 33/250 [00:35<04:03,  1.12s/it]
Task 2:  14%|#3        | 34/250 [00:36<03:40,  1.02s/it]
Task 2:  14%|#4        | 35/250 [00:37<04:01,  1.12s/it]
Task 2:  14%|#4        | 36/250 [00:38<03:35,  1.01s/it]
Task 2:  15%|#4        | 37/250 [00:40<03:57,  1.12s/it]
Task 2:  15%|#5        | 38/250 [00:40<03:35,  1.02s/it]
Task 2:  16%|#5        | 39/250 [00:42<03:56,  1.12s/it]
Task 2:  16%|#6        | 40/250 [00:42<03:34,  1.02s/it]
Task 2:  16%|#6        | 41/250 [00:44<03:55,  1.13s/it]
Task 2:  17%|#6        | 42/250 [00:45<03:30,  1.01s/it]
Task 2:  17%|#7        | 43/250 [00:46<03:51,  1.12s/it]
Task 2:  18%|#7        | 44/250 [00:47<03:30,  1.02s/it]
Task 2:  18%|#8        | 45/250 [00:48<03:50,  1.12s/it]
Task 2:  18%|#8        | 46/250 [00:49<03:26,  1.01s/it]
Task 2:  19%|#8        | 47/250 [00:50<03:47,  1.12s/it]
Task 2:  19%|#9        | 48/250 [00:51<03:25,  1.02s/it]
Task 2:  20%|#9        | 49/250 [00:52<03:45,  1.12s/it]
Task 2:  20%|##        | 50/250 [00:53<03:29,  1.05s/it]
Task 2:  20%|##        | 51/250 [00:55<03:47,  1.14s/it]
Task 2:  21%|##        | 52/250 [00:55<03:22,  1.02s/it]
Task 2:  21%|##1       | 53/250 [00:57<03:41,  1.13s/it]
Task 2:  22%|##1       | 54/250 [00:57<03:19,  1.02s/it]
Task 2:  22%|##2       | 55/250 [00:59<03:38,  1.12s/it]
Task 2:  22%|##2       | 56/250 [01:00<03:18,  1.03s/it]
Task 2:  23%|##2       | 57/250 [01:01<03:37,  1.13s/it]
Task 2:  23%|##3       | 58/250 [01:02<03:14,  1.02s/it]
Task 2:  24%|##3       | 59/250 [01:03<03:33,  1.12s/it]
Task 2:  24%|##4       | 60/250 [01:04<03:12,  1.01s/it]
Task 2:  24%|##4       | 61/250 [01:05<03:31,  1.12s/it]
Task 2:  25%|##4       | 62/250 [01:06<03:09,  1.01s/it]
Task 2:  25%|##5       | 63/250 [01:07<03:28,  1.12s/it]
Task 2:  26%|##5       | 64/250 [01:08<03:08,  1.01s/it]
Task 2:  26%|##6       | 65/250 [01:10<03:27,  1.12s/it]
Task 2:  26%|##6       | 66/250 [01:10<03:06,  1.01s/it]
Task 2:  27%|##6       | 67/250 [01:12<03:24,  1.12s/it]
Task 2:  27%|##7       | 68/250 [01:12<03:04,  1.01s/it]
Task 2:  28%|##7       | 69/250 [01:14<03:22,  1.12s/it]
Task 2:  28%|##8       | 70/250 [01:15<03:03,  1.02s/it]
Task 2:  28%|##8       | 71/250 [01:16<03:21,  1.12s/it]
Task 2:  29%|##8       | 72/250 [01:17<03:07,  1.05s/it]
Task 2:  29%|##9       | 73/250 [01:18<03:22,  1.15s/it]
Task 2:  30%|##9       | 74/250 [01:19<03:00,  1.02s/it]
Task 2:  30%|###       | 75/250 [01:20<03:17,  1.13s/it]
Task 2:  30%|###       | 76/250 [01:21<02:57,  1.02s/it]
Task 2:  31%|###       | 77/250 [01:22<03:14,  1.12s/it]
Task 2:  31%|###1      | 78/250 [01:23<02:54,  1.01s/it]
Task 2:  32%|###1      | 79/250 [01:25<03:11,  1.12s/it]
Task 2:  32%|###2      | 80/250 [01:25<02:54,  1.03s/it]
Task 2:  32%|###2      | 81/250 [01:27<03:10,  1.13s/it]
Task 2:  33%|###2      | 82/250 [01:27<02:50,  1.02s/it]
Task 2:  33%|###3      | 83/250 [01:29<03:07,  1.13s/it]
Task 2:  34%|###3      | 84/250 [01:30<02:49,  1.02s/it]
Task 2:  34%|###4      | 85/250 [01:31<03:05,  1.12s/it]
Task 2:  34%|###4      | 86/250 [01:32<02:46,  1.01s/it]
Task 2:  35%|###4      | 87/250 [01:33<03:02,  1.12s/it]
Task 2:  35%|###5      | 88/250 [01:34<02:44,  1.02s/it]
Task 2:  36%|###5      | 89/250 [01:35<03:00,  1.12s/it]
Task 2:  36%|###6      | 90/250 [01:36<02:42,  1.02s/it]
Task 2:  36%|###6      | 91/250 [01:37<02:58,  1.12s/it]
Task 2:  37%|###6      | 92/250 [01:38<02:38,  1.00s/it]
Task 2:  37%|###7      | 93/250 [01:40<02:59,  1.14s/it]
Task 2:  38%|###7      | 94/250 [01:40<02:39,  1.02s/it]
Task 2:  38%|###8      | 95/250 [01:42<02:54,  1.12s/it]
Task 2:  38%|###8      | 96/250 [01:42<02:36,  1.01s/it]
Task 2:  39%|###8      | 97/250 [01:44<02:51,  1.12s/it]
Task 2:  39%|###9      | 98/250 [01:45<02:32,  1.00s/it]
Task 2:  40%|###9      | 99/250 [01:46<02:47,  1.11s/it]
Task 2:  40%|####      | 100/250 [01:47<02:29,  1.00it/s]
Task 2:  40%|####      | 101/250 [01:48<02:45,  1.11s/it]
Task 2:  41%|####      | 102/250 [01:49<02:27,  1.00it/s]
Task 2:  41%|####1     | 103/250 [01:50<02:42,  1.11s/it]
Task 2:  42%|####1     | 104/250 [01:51<02:26,  1.00s/it]
Task 2:  42%|####2     | 105/250 [01:52<02:40,  1.11s/it]
Task 2:  42%|####2     | 106/250 [01:53<02:23,  1.00it/s]
Task 2:  43%|####2     | 107/250 [01:54<02:38,  1.11s/it]
Task 2:  43%|####3     | 108/250 [01:55<02:21,  1.00it/s]
Task 2:  44%|####3     | 109/250 [01:56<02:35,  1.11s/it]
Task 2:  44%|####4     | 110/250 [01:57<02:19,  1.01it/s]
Task 2:  44%|####4     | 111/250 [01:59<02:33,  1.10s/it]
Task 2:  45%|####4     | 112/250 [01:59<02:18,  1.00s/it]
Task 2:  45%|####5     | 113/250 [02:01<02:32,  1.11s/it]
Task 2:  46%|####5     | 114/250 [02:02<02:20,  1.03s/it]
Task 2:  46%|####6     | 115/250 [02:03<02:32,  1.13s/it]
Task 2:  46%|####6     | 116/250 [02:04<02:15,  1.01s/it]
Task 2:  47%|####6     | 117/250 [02:05<02:28,  1.12s/it]
Task 2:  47%|####7     | 118/250 [02:06<02:12,  1.00s/it]
Task 2:  48%|####7     | 119/250 [02:07<02:25,  1.11s/it]
Task 2:  48%|####8     | 120/250 [02:08<02:10,  1.01s/it]
Task 2:  48%|####8     | 121/250 [02:09<02:23,  1.11s/it]
Task 2:  49%|####8     | 122/250 [02:10<02:08,  1.00s/it]
Task 2:  49%|####9     | 123/250 [02:11<02:20,  1.11s/it]
Task 2:  50%|####9     | 124/250 [02:12<02:05,  1.00it/s]
Task 2:  50%|#####     | 125/250 [02:13<02:18,  1.11s/it]
Task 2:  50%|#####     | 126/250 [02:14<02:03,  1.00it/s]
Task 2:  51%|#####     | 127/250 [02:15<02:16,  1.11s/it]
Task 2:  51%|#####1    | 128/250 [02:16<02:02,  1.00s/it]
Task 2:  52%|#####1    | 129/250 [02:18<02:14,  1.11s/it]
Task 2:  52%|#####2    | 130/250 [02:18<01:59,  1.00it/s]
Task 2:  52%|#####2    | 131/250 [02:20<02:11,  1.11s/it]
Task 2:  53%|#####2    | 132/250 [02:20<01:57,  1.00it/s]
Task 2:  53%|#####3    | 133/250 [02:22<02:09,  1.11s/it]
Task 2:  54%|#####3    | 134/250 [02:23<01:55,  1.00it/s]
Task 2:  54%|#####4    | 135/250 [02:24<02:10,  1.14s/it]
Task 2:  54%|#####4    | 136/250 [02:25<01:56,  1.02s/it]
Task 2:  55%|#####4    | 137/250 [02:26<02:06,  1.12s/it]
Task 2:  55%|#####5    | 138/250 [02:27<01:52,  1.01s/it]
Task 2:  56%|#####5    | 139/250 [02:28<02:03,  1.11s/it]
Task 2:  56%|#####6    | 140/250 [02:29<01:50,  1.00s/it]
Task 2:  56%|#####6    | 141/250 [02:30<02:00,  1.11s/it]
Task 2:  57%|#####6    | 142/250 [02:31<01:47,  1.00it/s]
Task 2:  57%|#####7    | 143/250 [02:32<01:58,  1.11s/it]
Task 2:  58%|#####7    | 144/250 [02:33<01:46,  1.00s/it]
Task 2:  58%|#####8    | 145/250 [02:35<01:56,  1.11s/it]
Task 2:  58%|#####8    | 146/250 [02:35<01:43,  1.00it/s]
Task 2:  59%|#####8    | 147/250 [02:37<01:54,  1.11s/it]
Task 2:  59%|#####9    | 148/250 [02:37<01:41,  1.00it/s]
Task 2:  60%|#####9    | 149/250 [02:39<01:51,  1.11s/it]
Task 2:  60%|######    | 150/250 [02:39<01:39,  1.00it/s]
Task 2:  60%|######    | 151/250 [02:41<01:49,  1.11s/it]
Task 2:  61%|######    | 152/250 [02:42<01:38,  1.00s/it]
Task 2:  61%|######1   | 153/250 [02:43<01:47,  1.11s/it]
Task 2:  62%|######1   | 154/250 [02:44<01:36,  1.00s/it]
Task 2:  62%|######2   | 155/250 [02:45<01:45,  1.11s/it]
Task 2:  62%|######2   | 156/250 [02:46<01:37,  1.03s/it]
Task 2:  63%|######2   | 157/250 [02:47<01:45,  1.13s/it]
Task 2:  63%|######3   | 158/250 [02:48<01:33,  1.02s/it]
Task 2:  64%|######3   | 159/250 [02:49<01:42,  1.12s/it]
Task 2:  64%|######4   | 160/250 [02:50<01:32,  1.02s/it]
Task 2:  64%|######4   | 161/250 [02:52<01:40,  1.12s/it]
Task 2:  65%|######4   | 162/250 [02:52<01:28,  1.01s/it]
Task 2:  65%|######5   | 163/250 [02:54<01:37,  1.12s/it]
Task 2:  66%|######5   | 164/250 [02:54<01:26,  1.01s/it]
Task 2:  66%|######6   | 165/250 [02:56<01:34,  1.11s/it]
Task 2:  66%|######6   | 166/250 [02:57<01:24,  1.00s/it]
Task 2:  67%|######6   | 167/250 [02:58<01:32,  1.11s/it]
Task 2:  67%|######7   | 168/250 [02:59<01:22,  1.00s/it]
Task 2:  68%|######7   | 169/250 [03:00<01:29,  1.11s/it]
Task 2:  68%|######8   | 170/250 [03:01<01:19,  1.00it/s]
Task 2:  68%|######8   | 171/250 [03:02<01:27,  1.11s/it]
Task 2:  69%|######8   | 172/250 [03:03<01:17,  1.00it/s]
Task 2:  69%|######9   | 173/250 [03:04<01:25,  1.11s/it]
Task 2:  70%|######9   | 174/250 [03:05<01:15,  1.01it/s]
Task 2:  70%|#######   | 175/250 [03:06<01:22,  1.11s/it]
Task 2:  70%|#######   | 176/250 [03:07<01:14,  1.00s/it]
Task 2:  71%|#######   | 177/250 [03:09<01:23,  1.14s/it]
Task 2:  71%|#######1  | 178/250 [03:09<01:13,  1.02s/it]
Task 2:  72%|#######1  | 179/250 [03:11<01:19,  1.12s/it]
Task 2:  72%|#######2  | 180/250 [03:11<01:10,  1.01s/it]
Task 2:  72%|#######2  | 181/250 [03:13<01:16,  1.11s/it]
Task 2:  73%|#######2  | 182/250 [03:13<01:08,  1.00s/it]
Task 2:  73%|#######3  | 183/250 [03:15<01:14,  1.11s/it]
Task 2:  74%|#######3  | 184/250 [03:16<01:06,  1.01s/it]
Task 2:  74%|#######4  | 185/250 [03:17<01:12,  1.11s/it]
Task 2:  74%|#######4  | 186/250 [03:18<01:04,  1.00s/it]
Task 2:  75%|#######4  | 187/250 [03:19<01:09,  1.11s/it]
Task 2:  75%|#######5  | 188/250 [03:20<01:01,  1.00it/s]
Task 2:  76%|#######5  | 189/250 [03:21<01:07,  1.11s/it]
Task 2:  76%|#######6  | 190/250 [03:22<00:59,  1.00it/s]
Task 2:  76%|#######6  | 191/250 [03:23<01:05,  1.11s/it]
Task 2:  77%|#######6  | 192/250 [03:24<00:58,  1.00s/it]
Task 2:  77%|#######7  | 193/250 [03:25<01:03,  1.11s/it]
Task 2:  78%|#######7  | 194/250 [03:26<00:55,  1.00it/s]
Task 2:  78%|#######8  | 195/250 [03:27<01:01,  1.11s/it]
Task 2:  78%|#######8  | 196/250 [03:28<00:54,  1.00s/it]
Task 2:  79%|#######8  | 197/250 [03:30<00:58,  1.11s/it]
Task 2:  79%|#######9  | 198/250 [03:30<00:53,  1.03s/it]
Task 2:  80%|#######9  | 199/250 [03:32<00:57,  1.14s/it]
Task 2:  80%|########  | 200/250 [03:33<00:51,  1.02s/it]
Task 2:  80%|########  | 201/250 [03:34<00:55,  1.13s/it]
Task 2:  81%|########  | 202/250 [03:35<00:48,  1.02s/it]
Task 2:  81%|########1 | 203/250 [03:36<00:52,  1.12s/it]
Task 2:  82%|########1 | 204/250 [03:37<00:46,  1.01s/it]
Task 2:  82%|########2 | 205/250 [03:38<00:50,  1.12s/it]
Task 2:  82%|########2 | 206/250 [03:39<00:44,  1.01s/it]
Task 2:  83%|########2 | 207/250 [03:40<00:47,  1.12s/it]
Task 2:  83%|########3 | 208/250 [03:41<00:42,  1.01s/it]
Task 2:  84%|########3 | 209/250 [03:42<00:45,  1.12s/it]
Task 2:  84%|########4 | 210/250 [03:43<00:40,  1.01s/it]
Task 2:  84%|########4 | 211/250 [03:45<00:43,  1.12s/it]
Task 2:  85%|########4 | 212/250 [03:45<00:38,  1.01s/it]
Task 2:  85%|########5 | 213/250 [03:47<00:41,  1.11s/it]
Task 2:  86%|########5 | 214/250 [03:47<00:36,  1.01s/it]
Task 2:  86%|########6 | 215/250 [03:49<00:39,  1.11s/it]
Task 2:  86%|########6 | 216/250 [03:50<00:34,  1.02s/it]
Task 2:  87%|########6 | 217/250 [03:51<00:36,  1.12s/it]
Task 2:  87%|########7 | 218/250 [03:52<00:32,  1.01s/it]
Task 2:  88%|########7 | 219/250 [03:53<00:35,  1.15s/it]
Task 2:  88%|########8 | 220/250 [03:54<00:30,  1.03s/it]
Task 2:  88%|########8 | 221/250 [03:55<00:32,  1.13s/it]
Task 2:  89%|########8 | 222/250 [03:56<00:28,  1.02s/it]
Task 2:  89%|########9 | 223/250 [03:57<00:30,  1.12s/it]
Task 2:  90%|########9 | 224/250 [03:58<00:26,  1.03s/it]
Task 2:  90%|######### | 225/250 [04:00<00:28,  1.13s/it]
Task 2:  90%|######### | 226/250 [04:00<00:24,  1.02s/it]
Task 2:  91%|######### | 227/250 [04:02<00:25,  1.12s/it]
Task 2:  91%|#########1| 228/250 [04:02<00:22,  1.01s/it]
Task 2:  92%|#########1| 229/250 [04:04<00:23,  1.12s/it]
Task 2:  92%|#########2| 230/250 [04:05<00:20,  1.01s/it]
Task 2:  92%|#########2| 231/250 [04:06<00:21,  1.12s/it]
Task 2:  93%|#########2| 232/250 [04:07<00:18,  1.01s/it]
Task 2:  93%|#########3| 233/250 [04:08<00:18,  1.12s/it]
Task 2:  94%|#########3| 234/250 [04:09<00:16,  1.01s/it]
Task 2:  94%|#########3| 235/250 [04:10<00:16,  1.12s/it]
Task 2:  94%|#########4| 236/250 [04:11<00:14,  1.01s/it]
Task 2:  95%|#########4| 237/250 [04:12<00:14,  1.12s/it]
Task 2:  95%|#########5| 238/250 [04:13<00:12,  1.01s/it]
Task 2:  96%|#########5| 239/250 [04:14<00:12,  1.11s/it]
Task 2:  96%|#########6| 240/250 [04:15<00:10,  1.05s/it]
Task 2:  96%|#########6| 241/250 [04:17<00:10,  1.14s/it]
Task 2:  97%|#########6| 242/250 [04:17<00:08,  1.03s/it]
Task 2:  97%|#########7| 243/250 [04:19<00:07,  1.13s/it]
Task 2:  98%|#########7| 244/250 [04:20<00:06,  1.02s/it]
Task 2:  98%|#########8| 245/250 [04:21<00:05,  1.12s/it]
Task 2:  98%|#########8| 246/250 [04:22<00:04,  1.01s/it]
Task 2:  99%|#########8| 247/250 [04:23<00:03,  1.12s/it]
Task 2:  99%|#########9| 248/250 [04:24<00:02,  1.02s/it]
Task 2: 100%|#########9| 249/250 [04:25<00:01,  1.12s/it]
Task 2: 100%|##########| 250/250 [04:26<00:00,  1.02it/s]
                                                         
[FeatureSelector] Estimating feature subspace (k=10)...
[FeatureSelector] Subspace estimated. V_k shape: torch.Size([1024, 10])
[Buffer] Selecting 186 samples for task 2 from 1998 candidates...
[FeatureSelector] Scoring 1998 candidates (forward-only)...
[Buffer] Updated: {0: 186, 1: 186, 2: 186}
[Task 2] avg_loss=10.6351 | buffer=558
[Task 2] {'sst2': 0.0, 'ag_news': 0.0, 'mnli': 0.0}


============================================================
[Task 3/13] imdb
============================================================
Task 3:   0%|          | 0/250 [00:00<?, ?it/s]
Task 3:   0%|          | 1/250 [00:01<05:40,  1.37s/it]
Task 3:   1%|          | 2/250 [00:02<04:20,  1.05s/it]
Task 3:   1%|1         | 3/250 [00:03<04:54,  1.19s/it]
Task 3:   2%|1         | 4/250 [00:04<04:09,  1.01s/it]
Task 3:   2%|2         | 5/250 [00:05<04:39,  1.14s/it]
Task 3:   2%|2         | 6/250 [00:06<04:04,  1.00s/it]
Task 3:   3%|2         | 7/250 [00:07<04:32,  1.12s/it]
Task 3:   3%|3         | 8/250 [00:08<04:05,  1.01s/it]
Task 3:   4%|3         | 9/250 [00:09<04:31,  1.13s/it]
Task 3:   4%|4         | 10/250 [00:10<04:05,  1.02s/it]
Task 3:   4%|4         | 11/250 [00:12<04:39,  1.17s/it]
Task 3:   5%|4         | 12/250 [00:12<04:06,  1.04s/it]
Task 3:   5%|5         | 13/250 [00:14<04:29,  1.14s/it]
Task 3:   6%|5         | 14/250 [00:15<03:59,  1.02s/it]
Task 3:   6%|6         | 15/250 [00:16<04:23,  1.12s/it]
Task 3:   6%|6         | 16/250 [00:17<03:57,  1.02s/it]
Task 3:   7%|6         | 17/250 [00:18<04:20,  1.12s/it]
Task 3:   7%|7         | 18/250 [00:19<03:53,  1.01s/it]
Task 3:   8%|7         | 19/250 [00:20<04:17,  1.11s/it]
Task 3:   8%|8         | 20/250 [00:21<03:50,  1.00s/it]
Task 3:   8%|8         | 21/250 [00:22<04:14,  1.11s/it]
Task 3:   9%|8         | 22/250 [00:23<03:48,  1.00s/it]
Task 3:   9%|9         | 23/250 [00:24<04:12,  1.11s/it]
Task 3:  10%|9         | 24/250 [00:25<03:47,  1.01s/it]
Task 3:  10%|#         | 25/250 [00:27<04:10,  1.11s/it]
Task 3:  10%|#         | 26/250 [00:27<03:45,  1.01s/it]
Task 3:  11%|#         | 27/250 [00:29<04:08,  1.11s/it]
Task 3:  11%|#1        | 28/250 [00:29<03:41,  1.00it/s]
Task 3:  12%|#1        | 29/250 [00:31<04:04,  1.11s/it]
Task 3:  12%|#2        | 30/250 [00:31<03:39,  1.00it/s]
Task 3:  12%|#2        | 31/250 [00:33<04:02,  1.11s/it]
Task 3:  13%|#2        | 32/250 [00:34<03:39,  1.01s/it]
Task 3:  13%|#3        | 33/250 [00:35<04:01,  1.11s/it]
Task 3:  14%|#3        | 34/250 [00:36<03:35,  1.00it/s]
Task 3:  14%|#4        | 35/250 [00:37<04:06,  1.15s/it]
Task 3:  14%|#4        | 36/250 [00:38<03:39,  1.03s/it]
Task 3:  15%|#4        | 37/250 [00:39<04:00,  1.13s/it]
Task 3:  15%|#5        | 38/250 [00:40<03:34,  1.01s/it]
Task 3:  16%|#5        | 39/250 [00:41<03:55,  1.12s/it]
Task 3:  16%|#6        | 40/250 [00:42<03:31,  1.01s/it]
Task 3:  16%|#6        | 41/250 [00:44<03:52,  1.11s/it]
Task 3:  17%|#6        | 42/250 [00:44<03:30,  1.01s/it]
Task 3:  17%|#7        | 43/250 [00:46<03:51,  1.12s/it]
Task 3:  18%|#7        | 44/250 [00:46<03:27,  1.01s/it]
Task 3:  18%|#8        | 45/250 [00:48<03:48,  1.12s/it]
Task 3:  18%|#8        | 46/250 [00:49<03:25,  1.01s/it]
Task 3:  19%|#8        | 47/250 [00:50<03:46,  1.11s/it]
Task 3:  19%|#9        | 48/250 [00:51<03:24,  1.01s/it]
Task 3:  20%|#9        | 49/250 [00:52<03:44,  1.12s/it]
Task 3:  20%|##        | 50/250 [00:53<03:22,  1.01s/it]
Task 3:  20%|##        | 51/250 [00:54<03:42,  1.12s/it]
Task 3:  21%|##        | 52/250 [00:55<03:19,  1.01s/it]
Task 3:  21%|##1       | 53/250 [00:56<03:39,  1.12s/it]
Task 3:  22%|##1       | 54/250 [00:57<03:17,  1.01s/it]
Task 3:  22%|##2       | 55/250 [00:58<03:37,  1.11s/it]
Task 3:  22%|##2       | 56/250 [00:59<03:16,  1.01s/it]
Task 3:  23%|##2       | 57/250 [01:01<03:43,  1.16s/it]
Task 3:  23%|##3       | 58/250 [01:01<03:18,  1.04s/it]
Task 3:  24%|##3       | 59/250 [01:03<03:36,  1.13s/it]
Task 3:  24%|##4       | 60/250 [01:04<03:13,  1.02s/it]
Task 3:  24%|##4       | 61/250 [01:05<03:32,  1.12s/it]
Task 3:  25%|##4       | 62/250 [01:06<03:10,  1.01s/it]
Task 3:  25%|##5       | 63/250 [01:07<03:29,  1.12s/it]
Task 3:  26%|##5       | 64/250 [01:08<03:08,  1.01s/it]
Task 3:  26%|##6       | 65/250 [01:09<03:26,  1.12s/it]
Task 3:  26%|##6       | 66/250 [01:10<03:06,  1.01s/it]
Task 3:  27%|##6       | 67/250 [01:11<03:24,  1.12s/it]
Task 3:  27%|##7       | 68/250 [01:12<03:03,  1.01s/it]
Task 3:  28%|##7       | 69/250 [01:13<03:21,  1.11s/it]
Task 3:  28%|##8       | 70/250 [01:14<03:01,  1.01s/it]
Task 3:  28%|##8       | 71/250 [01:15<03:19,  1.11s/it]
Task 3:  29%|##8       | 72/250 [01:16<03:00,  1.01s/it]
Task 3:  29%|##9       | 73/250 [01:18<03:17,  1.12s/it]
Task 3:  30%|##9       | 74/250 [01:18<02:57,  1.01s/it]
Task 3:  30%|###       | 75/250 [01:20<03:15,  1.12s/it]
Task 3:  30%|###       | 76/250 [01:21<02:55,  1.01s/it]
Task 3:  31%|###       | 77/250 [01:22<03:12,  1.11s/it]
Task 3:  31%|###1      | 78/250 [01:23<02:52,  1.00s/it]
Task 3:  32%|###1      | 79/250 [01:24<03:14,  1.14s/it]
Task 3:  32%|###2      | 80/250 [01:25<02:55,  1.03s/it]
Task 3:  32%|###2      | 81/250 [01:26<03:10,  1.13s/it]
Task 3:  33%|###2      | 82/250 [01:27<02:51,  1.02s/it]
Task 3:  33%|###3      | 83/250 [01:28<03:07,  1.12s/it]
Task 3:  34%|###3      | 84/250 [01:29<02:47,  1.01s/it]
Task 3:  34%|###4      | 85/250 [01:30<03:04,  1.12s/it]
Task 3:  34%|###4      | 86/250 [01:31<02:44,  1.00s/it]
Task 3:  35%|###4      | 87/250 [01:33<03:01,  1.11s/it]
Task 3:  35%|###5      | 88/250 [01:33<02:44,  1.02s/it]
Task 3:  36%|###5      | 89/250 [01:35<03:00,  1.12s/it]
Task 3:  36%|###6      | 90/250 [01:35<02:41,  1.01s/it]
Task 3:  36%|###6      | 91/250 [01:37<02:57,  1.12s/it]
Task 3:  37%|###6      | 92/250 [01:38<02:39,  1.01s/it]
Task 3:  37%|###7      | 93/250 [01:39<02:55,  1.11s/it]
Task 3:  38%|###7      | 94/250 [01:40<02:37,  1.01s/it]
Task 3:  38%|###8      | 95/250 [01:41<02:52,  1.12s/it]
Task 3:  38%|###8      | 96/250 [01:42<02:36,  1.02s/it]
Task 3:  39%|###8      | 97/250 [01:43<02:51,  1.12s/it]
Task 3:  39%|###9      | 98/250 [01:44<02:34,  1.02s/it]
Task 3:  40%|###9      | 99/250 [01:45<02:49,  1.12s/it]
Task 3:  40%|####      | 100/250 [01:46<02:37,  1.05s/it]
Task 3:  40%|####      | 101/250 [01:48<02:50,  1.14s/it]
Task 3:  41%|####      | 102/250 [01:48<02:32,  1.03s/it]
Task 3:  41%|####1     | 103/250 [01:50<02:46,  1.13s/it]
Task 3:  42%|####1     | 104/250 [01:51<02:31,  1.03s/it]
Task 3:  42%|####2     | 105/250 [01:52<02:44,  1.13s/it]
Task 3:  42%|####2     | 106/250 [01:53<02:28,  1.03s/it]
Task 3:  43%|####2     | 107/250 [01:54<02:41,  1.13s/it]
Task 3:  43%|####3     | 108/250 [01:55<02:25,  1.03s/it]
Task 3:  44%|####3     | 109/250 [01:56<02:38,  1.13s/it]
Task 3:  44%|####4     | 110/250 [01:57<02:22,  1.02s/it]
Task 3:  44%|####4     | 111/250 [01:58<02:36,  1.12s/it]
Task 3:  45%|####4     | 112/250 [01:59<02:21,  1.03s/it]
Task 3:  45%|####5     | 113/250 [02:01<02:34,  1.13s/it]
Task 3:  46%|####5     | 114/250 [02:01<02:18,  1.02s/it]
Task 3:  46%|####6     | 115/250 [02:03<02:31,  1.12s/it]
Task 3:  46%|####6     | 116/250 [02:03<02:15,  1.01s/it]
Task 3:  47%|####6     | 117/250 [02:05<02:28,  1.12s/it]
Task 3:  47%|####7     | 118/250 [02:06<02:12,  1.01s/it]
Task 3:  48%|####7     | 119/250 [02:07<02:25,  1.11s/it]
Task 3:  48%|####8     | 120/250 [02:08<02:12,  1.02s/it]
Task 3:  48%|####8     | 121/250 [02:09<02:28,  1.15s/it]
Task 3:  49%|####8     | 122/250 [02:10<02:12,  1.04s/it]
Task 3:  49%|####9     | 123/250 [02:11<02:24,  1.14s/it]
Task 3:  50%|####9     | 124/250 [02:12<02:09,  1.03s/it]
Task 3:  50%|#####     | 125/250 [02:13<02:20,  1.13s/it]
Task 3:  50%|#####     | 126/250 [02:14<02:06,  1.02s/it]
Task 3:  51%|#####     | 127/250 [02:16<02:18,  1.13s/it]
Task 3:  51%|#####1    | 128/250 [02:16<02:04,  1.02s/it]
Task 3:  52%|#####1    | 129/250 [02:18<02:16,  1.12s/it]
Task 3:  52%|#####2    | 130/250 [02:18<02:02,  1.02s/it]
Task 3:  52%|#####2    | 131/250 [02:20<02:13,  1.12s/it]
Task 3:  53%|#####2    | 132/250 [02:21<02:00,  1.02s/it]
Task 3:  53%|#####3    | 133/250 [02:22<02:11,  1.13s/it]
Task 3:  54%|#####3    | 134/250 [02:23<01:57,  1.01s/it]
Task 3:  54%|#####4    | 135/250 [02:24<02:08,  1.12s/it]
Task 3:  54%|#####4    | 136/250 [02:25<01:56,  1.02s/it]
Task 3:  55%|#####4    | 137/250 [02:26<02:07,  1.13s/it]
Task 3:  55%|#####5    | 138/250 [02:27<01:54,  1.02s/it]
Task 3:  56%|#####5    | 139/250 [02:29<02:17,  1.24s/it]
Task 3:  56%|#####6    | 140/250 [02:30<02:01,  1.10s/it]
Task 3:  56%|#####6    | 141/250 [02:31<02:09,  1.19s/it]
Task 3:  57%|#####6    | 142/250 [02:32<01:57,  1.09s/it]
Task 3:  57%|#####7    | 143/250 [02:33<02:06,  1.18s/it]
Task 3:  58%|#####7    | 144/250 [02:34<01:53,  1.07s/it]
Task 3:  58%|#####8    | 145/250 [02:35<02:02,  1.17s/it]
Task 3:  58%|#####8    | 146/250 [02:36<01:48,  1.05s/it]
Task 3:  59%|#####8    | 147/250 [02:38<01:59,  1.16s/it]
Task 3:  59%|#####9    | 148/250 [02:38<01:45,  1.04s/it]
Task 3:  60%|#####9    | 149/250 [02:40<01:55,  1.14s/it]
Task 3:  60%|######    | 150/250 [02:41<01:43,  1.04s/it]
Task 3:  60%|######    | 151/250 [02:42<01:53,  1.15s/it]
Task 3:  61%|######    | 152/250 [02:43<01:42,  1.04s/it]
Task 3:  61%|######1   | 153/250 [02:44<01:51,  1.15s/it]
Task 3:  62%|######1   | 154/250 [02:45<01:38,  1.03s/it]
Task 3:  62%|######2   | 155/250 [02:46<01:47,  1.14s/it]
Task 3:  62%|######2   | 156/250 [02:47<01:36,  1.02s/it]
Task 3:  63%|######2   | 157/250 [02:48<01:45,  1.13s/it]
Task 3:  63%|######3   | 158/250 [02:49<01:37,  1.06s/it]
Task 3:  64%|######3   | 159/250 [02:51<01:48,  1.19s/it]
Task 3:  64%|######4   | 160/250 [02:52<01:38,  1.09s/it]
Task 3:  64%|######4   | 161/250 [02:53<01:47,  1.21s/it]
Task 3:  65%|######4   | 162/250 [02:54<01:35,  1.09s/it]
Task 3:  65%|######5   | 163/250 [02:55<01:44,  1.21s/it]
Task 3:  66%|######5   | 164/250 [02:56<01:32,  1.08s/it]
Task 3:  66%|######6   | 165/250 [02:58<01:39,  1.17s/it]
Task 3:  66%|######6   | 166/250 [02:58<01:27,  1.05s/it]
Task 3:  67%|######6   | 167/250 [03:00<01:35,  1.15s/it]
Task 3:  67%|######7   | 168/250 [03:01<01:24,  1.03s/it]
Task 3:  68%|######7   | 169/250 [03:02<01:32,  1.14s/it]
Task 3:  68%|######8   | 170/250 [03:03<01:21,  1.02s/it]
Task 3:  68%|######8   | 171/250 [03:04<01:29,  1.13s/it]
Task 3:  69%|######8   | 172/250 [03:05<01:19,  1.02s/it]
Task 3:  69%|######9   | 173/250 [03:06<01:27,  1.13s/it]
Task 3:  70%|######9   | 174/250 [03:07<01:17,  1.02s/it]
Task 3:  70%|#######   | 175/250 [03:08<01:24,  1.13s/it]
Task 3:  70%|#######   | 176/250 [03:09<01:15,  1.02s/it]
Task 3:  71%|#######   | 177/250 [03:10<01:22,  1.13s/it]
Task 3:  71%|#######1  | 178/250 [03:11<01:13,  1.02s/it]
Task 3:  72%|#######1  | 179/250 [03:13<01:20,  1.13s/it]
Task 3:  72%|#######2  | 180/250 [03:13<01:10,  1.01s/it]
Task 3:  72%|#######2  | 181/250 [03:15<01:17,  1.13s/it]
Task 3:  73%|#######2  | 182/250 [03:16<01:09,  1.02s/it]
Task 3:  73%|#######3  | 183/250 [03:17<01:15,  1.13s/it]
Task 3:  74%|#######3  | 184/250 [03:18<01:09,  1.06s/it]
Task 3:  74%|#######4  | 185/250 [03:19<01:15,  1.16s/it]
Task 3:  74%|#######4  | 186/250 [03:20<01:06,  1.04s/it]
Task 3:  75%|#######4  | 187/250 [03:21<01:11,  1.14s/it]
Task 3:  75%|#######5  | 188/250 [03:22<01:03,  1.02s/it]
Task 3:  76%|#######5  | 189/250 [03:23<01:09,  1.13s/it]
Task 3:  76%|#######6  | 190/250 [03:24<01:02,  1.04s/it]
Task 3:  76%|#######6  | 191/250 [03:26<01:07,  1.15s/it]
Task 3:  77%|#######6  | 192/250 [03:26<00:59,  1.03s/it]
Task 3:  77%|#######7  | 193/250 [03:28<01:04,  1.14s/it]
Task 3:  78%|#######7  | 194/250 [03:29<00:57,  1.02s/it]
Task 3:  78%|#######8  | 195/250 [03:30<01:02,  1.14s/it]
Task 3:  78%|#######8  | 196/250 [03:31<00:56,  1.04s/it]
Task 3:  79%|#######8  | 197/250 [03:32<01:01,  1.15s/it]
Task 3:  79%|#######9  | 198/250 [03:33<00:53,  1.04s/it]
Task 3:  80%|#######9  | 199/250 [03:34<00:58,  1.14s/it]
Task 3:  80%|########  | 200/250 [03:35<00:51,  1.03s/it]
Task 3:  80%|########  | 201/250 [03:37<00:55,  1.14s/it]
Task 3:  81%|########  | 202/250 [03:37<00:49,  1.03s/it]
Task 3:  81%|########1 | 203/250 [03:39<00:53,  1.14s/it]
Task 3:  82%|########1 | 204/250 [03:39<00:47,  1.03s/it]
Task 3:  82%|########2 | 205/250 [03:41<00:52,  1.17s/it]
Task 3:  82%|########2 | 206/250 [03:42<00:45,  1.04s/it]
Task 3:  83%|########2 | 207/250 [03:43<00:49,  1.15s/it]
Task 3:  83%|########3 | 208/250 [03:44<00:43,  1.04s/it]
Task 3:  84%|########3 | 209/250 [03:45<00:46,  1.14s/it]
Task 3:  84%|########4 | 210/250 [03:46<00:41,  1.03s/it]
Task 3:  84%|########4 | 211/250 [03:47<00:44,  1.14s/it]
Task 3:  85%|########4 | 212/250 [03:48<00:38,  1.03s/it]
Task 3:  85%|########5 | 213/250 [03:50<00:41,  1.13s/it]
Task 3:  86%|########5 | 214/250 [03:50<00:36,  1.02s/it]
Task 3:  86%|########6 | 215/250 [03:52<00:39,  1.13s/it]
Task 3:  86%|########6 | 216/250 [03:53<00:34,  1.02s/it]
Task 3:  87%|########6 | 217/250 [03:54<00:37,  1.13s/it]
Task 3:  87%|########7 | 218/250 [03:55<00:32,  1.02s/it]
Task 3:  88%|########7 | 219/250 [03:56<00:34,  1.13s/it]
Task 3:  88%|########8 | 220/250 [03:57<00:30,  1.02s/it]
Task 3:  88%|########8 | 221/250 [03:58<00:32,  1.13s/it]
Task 3:  89%|########8 | 222/250 [03:59<00:28,  1.02s/it]
Task 3:  89%|########9 | 223/250 [04:00<00:30,  1.14s/it]
Task 3:  90%|########9 | 224/250 [04:01<00:26,  1.03s/it]
Task 3:  90%|######### | 225/250 [04:03<00:28,  1.14s/it]
Task 3:  90%|######### | 226/250 [04:04<00:26,  1.09s/it]
Task 3:  91%|######### | 227/250 [04:05<00:27,  1.18s/it]
